forecast_date,subgroup,categorylv5,demand_type,product_synthetic,demand_forecast
2024-09-30 00:00:00.000 +0700,Other Chemicals,additive,Intermittent,"ผลิตภัณฑ์ ""additive"" ในกลุ่มสารเคมีอื่นๆ นี้ ออกแบบมาเพื่อปรับปรุงคุณสมบัติของวัสดุและกระบวนการทางอุตสาหกรรม ช่วยเพิ่มประสิทธิภาพและความทนทานในหลากหลายการใช้งาน เหมาะสำหรับใช้ในโรงงานอุตสาหกรรมและบริการที่เกี่ยวข้อง เพื่อให้ได้ผลลัพธ์ตามต้องการและตอบโจทย์ความต้องการเฉพาะทาง
","ตุลาคม 2567 คาดว่าจะเพิ่มขึ้นประมาณ 15% เมื่อเทียบกับ กันยายน 2567 โดยมีแนวโน้มความต้องการที่เพิ่มขึ้นในช่วงต้นเดือน ซึ่งสอดคล้องกับช่วงเริ่มต้นของแผนงานโครงการของหลายภาคอุตสาหกรรม และการวางแผนงบประมาณประจำปีของบริษัทขนาดกลางและใหญ่ นอกจากนี้ ยังมีความต้องการที่เพิ่มขึ้นในช่วงปลายเดือนที่เกี่ยวข้องกับการเตรียมความพร้อมสำหรับฤดูกาลแห่งการผลิตที่กำลังจะมาถึง โดยเฉพาะอย่างยิ่งในกลุ่มโรงงานอุตสาหกรรมที่ต้องการเพิ่มกำลังการผลิตเพื่อตอบสนองความต้องการของตลาดที่คาดว่าจะเติบโตขึ้น การเพิ่มขึ้นของความต้องการนี้ยังได้รับแรงหนุนจากการวางแผนการจัดซื้อล่วงหน้าของบริษัทที่ต้องการรักษาความมั่นคงของห่วงโซ่อุปทาน

พฤศจิกายน 2567 คาดว่าจะคงที่เมื่อเทียบกับ กันยายน 2567 โดยมีความต้องการที่ค่อนข้างสม่ำเสมอตลอดทั้งเดือน ซึ่งเป็นผลมาจากช่วงเวลาที่ธุรกิจส่วนใหญ่ได้ดำเนินงานตามแผนงานประจำปี และการจัดซื้อสินค้าคงคลังที่จำเป็นเพื่อรองรับการดำเนินงานในระยะกลาง อย่างไรก็ตาม อาจมีการปรับเปลี่ยนความต้องการเล็กน้อยในช่วงกลางเดือนที่เกี่ยวข้องกับการบำรุงรักษาเชิงป้องกันของเครื่องจักรและอุปกรณ์ในโรงงานอุตสาหกรรมบางประเภท รวมถึงการวางแผนการผลิตสำหรับไตรมาสถัดไป ความต้องการที่ค่อนข้างคงที่นี้สะท้อนให้เห็นถึงลักษณะการจัดซื้อเชิงกลยุทธ์ของบริษัทต่างๆ ที่เน้นความต่อเนื่องของการดำเนินงานมากกว่าการเปลี่ยนแปลงอย่างรวดเร็ว

ธันวาคม 2567 คาดว่าจะลดลงประมาณ 8% เมื่อเทียบกับ กันยายน 2567 โดยมีความต้องการที่ลดลงในช่วงท้ายเดือน ซึ่งอาจเป็นผลมาจากช่วงปิดปีบัญชีของหลายบริษัท และการชะลอการลงทุนในโครงการใหม่ๆ เพื่อประเมินผลการดำเนินงานในปีที่ผ่านมา นอกจากนี้ ยังมีความต้องการที่ลดลงในช่วงปลายเดือนที่เกี่ยวข้องกับการปรับลดสินค้าคงคลังที่ไม่จำเป็น และการวางแผนการจัดซื้อสำหรับปีถัดไป อย่างไรก็ตาม ความต้องการในกลุ่มอุตสาหกรรมที่เกี่ยวข้องกับการผลิตสินค้าเพื่อการส่งออกอาจยังคงมีอยู่ ซึ่งเป็นผลมาจากความต้องการของตลาดต่างประเทศที่ยังคงแข็งแกร่ง"
2024-09-30 00:00:00.000 +0700,Thermal Cooker,กระติกน้ำร้อน,Intermittent,กระติกน้ำร้อน เหมาะสำหรับใช้งานในภาคอุตสาหกรรมและสำนักงานขนาดใหญ่ ด้วยความจุที่เหมาะสมและประสิทธิภาพในการรักษาอุณหภูมิสูง เหมาะสำหรับการเตรียมน้ำร้อนสำหรับเครื่องดื่มหรือการใช้งานอื่นๆ ช่วยประหยัดเวลาและพลังงานอย่างมีประสิทธิภาพ มั่นใจได้ถึงคุณภาพและความทนทานในการใช้งานต่อเนื่อง.,"ตุลาคม 2567 คาดว่าจะเพิ่มขึ้นประมาณ 2% เมื่อเทียบกับเดือนกันยายน 2567 โดยแนวโน้มความต้องการที่เพิ่มขึ้นนี้สอดคล้องกับช่วงต้นของปีงบประมาณของหลายบริษัท โดยเฉพาะอย่างยิ่งบริษัทที่ดำเนินธุรกิจด้านอุตสาหกรรมและการผลิต ซึ่งมักจะมีการวางแผนงบประมาณและการจัดซื้ออุปกรณ์ต่างๆ ในช่วงต้นปีเพื่อรองรับการดำเนินงานที่เพิ่มขึ้น นอกจากนี้ ภาคธุรกิจค้าปลีกและโลจิสติกส์ก็มีแนวโน้มที่จะเพิ่มการสั่งซื้อเพื่อเตรียมพร้อมสำหรับช่วงเทศกาลและฤดูกาลต่างๆ อย่างไรก็ตาม การเติบโตอาจยังไม่สูงมากนักเนื่องจากบางบริษัทอาจยังคงประเมินสถานการณ์ทางเศรษฐกิจและปรับแผนการลงทุนอย่างระมัดระวัง

พฤศจิกายน 2567 คาดว่าจะคงที่เมื่อเทียบกับเดือนกันยายน 2567 โดยความต้องการในเดือนนี้มีแนวโน้มที่จะทรงตัว เนื่องจากเป็นช่วงกลางของปีงบประมาณสำหรับหลายองค์กร ซึ่งโดยทั่วไปแล้วการจัดซื้อและการวางแผนงบประมาณจะอยู่ในช่วงที่ค่อนข้างเสถียร ภาคธุรกิจบริการและธุรกิจที่เกี่ยวข้องกับการศึกษาอาจมีการสั่งซื้อที่สม่ำเสมอในเดือนนี้เพื่อรองรับกิจกรรมและโครงการต่างๆ ที่ดำเนินไปอย่างต่อเนื่อง อย่างไรก็ตาม อาจมีการเปลี่ยนแปลงเล็กน้อยขึ้นอยู่กับการวางแผนระยะสั้นของแต่ละบริษัทและปัจจัยทางเศรษฐกิจในขณะนั้น

ธันวาคม 2567 คาดว่าจะเพิ่มขึ้นประมาณ 5% เมื่อเทียบกับเดือนกันยายน 2567 โดยความต้องการที่เพิ่มขึ้นในเดือนธันวาคมนี้มักเกี่ยวข้องกับการเตรียมพร้อมสำหรับช่วงปลายปีและต้นปีถัดไป ภาคธุรกิจค้าปลีกและธุรกิจที่เกี่ยวข้องกับการท่องเที่ยวอาจมีการสั่งซื้อที่เพิ่มขึ้นเพื่อรองรับช่วงเทศกาลและฤดูกาลท่องเที่ยว นอกจากนี้ ภาคอุตสาหกรรมบางประเภทอาจมีการสั่งซื้อเพื่อเตรียมพร้อมสำหรับการดำเนินงานในช่วงปีใหม่และเริ่มต้นปีใหม่ อย่างไรก็ตาม การเติบโตอาจยังไม่เต็มที่เนื่องจากบางบริษัทอาจมีการประเมินผลการดำเนินงานในช่วงไตรมาสสุดท้ายและปรับแผนการจัดซื้อในปีถัดไป"
2024-09-30 00:00:00.000 +0700,Paper Boxes,ค่าบริการซ่อม flap box,Intermittent,"ค่าบริการซ่อม flap box สำหรับกล่องกระดาษอุตสาหกรรม บริการซ่อมแซมกลไกเปิด-ปิด flap box เพื่อให้กล่องกลับมาใช้งานได้อย่างมีประสิทธิภาพ ลดต้นทุนและยืดอายุการใช้งานของบรรจุภัณฑ์ ช่วยรักษาคุณภาพสินค้าและภาพลักษณ์ขององค์กร เหมาะสำหรับโรงงานอุตสาหกรรมและธุรกิจที่ใช้กล่องกระดาษเป็นหลัก
","ตุลาคม 2567 คาดว่าจะเพิ่มขึ้นประมาณ 5% เมื่อเทียบกับ September 2024 เนื่องจากธุรกิจค้าปลีกและค้าส่งหลายแห่ง รวมถึงกลุ่มธุรกิจอาหารและเครื่องดื่ม มีแนวโน้มที่จะเพิ่มปริมาณการสั่งซื้อเพื่อเตรียมพร้อมสำหรับช่วงเทศกาลและฤดูกาลแห่งการบริโภคที่กำลังจะมาถึง นอกจากนี้ การวางแผนงบประมาณประจำปีของบริษัทขนาดกลางและขนาดใหญ่หลายแห่งมักจะมีการจัดสรรงบประมาณสำหรับค่าใช้จ่ายในการดำเนินงาน ซึ่งรวมถึงการบำรุงรักษาอุปกรณ์และกล่องบรรจุภัณฑ์ ทำให้มีความต้องการบริการซ่อมแซมเพิ่มขึ้นอย่างต่อเนื่อง โดยเฉพาะอย่างยิ่งในกลุ่มโรงงานอุตสาหกรรมและธุรกิจที่เกี่ยวข้องกับการผลิตสินค้า

พฤศจิกายน 2567 คาดว่าจะคงที่เมื่อเทียบกับ September 2024 โดยมีปัจจัยขับเคลื่อนหลักมาจากกิจกรรมทางเศรษฐกิจและการดำเนินงานของภาคอุตสาหกรรมที่ไม่เปลี่ยนแปลงอย่างมีนัยสำคัญในช่วงนี้ แม้ว่าอาจจะมีความต้องการในกลุ่มธุรกิจอีคอมเมิร์ซที่เพิ่มขึ้นเล็กน้อยในช่วงเทศกาล แต่โดยรวมแล้ว ความต้องการบริการซ่อมแซมกล่องบรรจุภัณฑ์ยังคงอยู่ในระดับที่ค่อนข้างสม่ำเสมอ เนื่องจากหลายบริษัทมีการวางแผนการดำเนินงานและการจัดซื้อล่วงหน้าตามรอบการผลิตและปริมาณสินค้าคงคลังที่ต้องการ นอกจากนี้ การดำเนินงานของธุรกิจโลจิสติกส์และการขนส่งสินค้าก็มีผลต่อความต้องการบริการซ่อมแซมเช่นกัน

ธันวาคม 2567 คาดว่าจะลดลงประมาณ 2% เมื่อเทียบกับ September 2024 เนื่องจากโดยทั่วไปแล้ว ภาคธุรกิจจะลดระดับการดำเนินงานลงในช่วงปลายปีเพื่อเตรียมพร้อมสำหรับวันหยุดและช่วงพักผ่อนของพนักงาน ซึ่งส่งผลให้ความต้องการบริการซ่อมแซมกล่องบรรจุภัณฑ์ลดลงตามไปด้วย นอกจากนี้ การวางแผนงบประมาณสำหรับปีถัดไปอาจยังไม่เสร็จสิ้น ทำให้หลายบริษัทชะลอการตัดสินใจในการสั่งซื้อหรือซ่อมแซมอุปกรณ์ นอกจากนี้ ธุรกิจค้าปลีกบางแห่งอาจมีการลดปริมาณการสั่งซื้อเพื่อปรับสมดุลสินค้าคงคลังหลังช่วงเทศกาล ทำให้ความต้องการบริการซ่อมแซมโดยรวมลดลง"
2024-09-30 00:00:00.000 +0700,Chest Freezers,ตู้เตรียม,Intermittent,"ตู้เตรียม เป็นตู้แช่แข็งสำหรับใช้งานในภาคอุตสาหกรรมและธุรกิจ เหมาะสำหรับจัดเก็บวัตถุดิบหรือสินค้าคงคลังจำนวนมาก รักษาอุณหภูมิได้อย่างแม่นยำ คงความสดใหม่ได้ยาวนาน ช่วยเพิ่มประสิทธิภาพในการจัดการสินค้าและลดความสูญเสีย เหมาะสำหรับโรงงาน, คลังสินค้า หรือห้องเย็นขนาดเล็ก.","ตุลาคม 2567 คาดว่าจะเพิ่มขึ้นประมาณ 5% เมื่อเทียบกับ September 2567 โดยแนวโน้มความต้องการในเดือนตุลาคมคาดว่าจะยังคงอยู่ในระดับที่สูงขึ้นเล็กน้อยต่อเนื่องจากแนวโน้มในเดือนกันยายน ซึ่งเป็นผลมาจากแผนการดำเนินงานของโรงงานอุตสาหกรรมที่เริ่มกลับมาเต็มกำลังหลังช่วงวันหยุดยาว นอกจากนี้ การวางแผนการผลิตสำหรับไตรมาสสุดท้ายของปีทำให้ความต้องการตู้เตรียมสำหรับเก็บรักษาวัตถุดิบและสินค้าคงคลังเพิ่มสูงขึ้น โดยเฉพาะอย่างยิ่งในกลุ่มธุรกิจอาหารและเครื่องดื่ม รวมถึงธุรกิจค้าส่งขนาดใหญ่ที่เตรียมสต็อกสินค้าเพื่อรองรับเทศกาลและฤดูกาล

พฤศจิกายน 2567 คาดว่าจะคงที่เมื่อเทียบกับ September 2567 ความต้องการในเดือนพฤศจิกายนมีแนวโน้มที่จะทรงตัว โดยได้รับอิทธิพลจากช่วงเวลาที่ใกล้เคียงกับวันขอบคุณพระเจ้า (แม้จะไม่ใช่เทศกาลหลักในประเทศไทย) ทำให้การสั่งซื้อสินค้าคงคลังไม่เปลี่ยนแปลงมากนัก อย่างไรก็ตาม ธุรกิจค้าปลีกและค้าส่งขนาดกลางยังคงมีความต้องการตู้เตรียมเพื่อรองรับการจัดเก็บสินค้าที่เพิ่มขึ้นในช่วงเทศกาลปีใหม่ ซึ่งส่งผลให้ความต้องการโดยรวมยังคงอยู่ในระดับที่สม่ำเสมอ โดยเฉพาะอย่างยิ่งในกลุ่มธุรกิจที่เกี่ยวข้องกับการผลิตอาหารแปรรูปและสินค้าอุปโภคบริโภค

ธันวาคม 2567 คาดว่าจะเพิ่มขึ้นประมาณ 8% เมื่อเทียบกับ September 2567 ความต้องการตู้เตรียมในเดือนธันวาคมคาดว่าจะเพิ่มสูงขึ้นอย่างมีนัยสำคัญ เนื่องจากเป็นช่วงที่มีการสั่งซื้อสินค้าเพื่อเตรียมพร้อมสำหรับเทศกาลปีใหม่และฤดูท่องเที่ยว ทำให้ธุรกิจโรงแรม ร้านอาหาร และธุรกิจที่เกี่ยวข้องกับการจัดเลี้ยงมีความต้องการตู้เตรียมเพื่อเก็บรักษาอาหารและเครื่องดื่มเพิ่มขึ้นอย่างต่อเนื่อง นอกจากนี้ ธุรกิจคลังสินค้าและโลจิสติกส์ก็มีความต้องการตู้เตรียมเพื่อรองรับการจัดเก็บสินค้าที่เพิ่มขึ้นในช่วงเทศกาล ทำให้โดยรวมแล้วความต้องการในเดือนธันวาคมมีแนวโน้มที่จะสูงขึ้นอย่างชัดเจน"
2024-09-30 00:00:00.000 +0700,Post Office Box Services,บริการส่งเหรียญ,Intermittent,บริการส่งเหรียญจากที่ทำการไปรษณีย์ อำนวยความสะดวกในการจัดส่งเหรียญจำนวนมากสำหรับธุรกิจและองค์กรต่างๆ อย่างปลอดภัยและมีประสิทธิภาพ บริการนี้ช่วยลดภาระค่าใช้จ่ายและเวลาในการจัดการเหรียญ เหมาะสำหรับธนาคาร ร้านค้าปลีก หรือหน่วยงานที่ต้องการส่งเหรียญเป็นจำนวนมากอย่างสม่ำเสมอ.,"**ตุลาคม 2567**

คาดว่าจะเพิ่มขึ้นประมาณ 5% เมื่อเทียบกับ September 2567 เนื่องจากธุรกิจค้าปลีกและอุตสาหกรรมอาหารมีการวางแผนการจัดส่งเหรียญจำนวนมากเพื่อรองรับการดำเนินงานในช่วงไตรมาสสุดท้ายของปี โดยเฉพาะอย่างยิ่งธุรกิจค้าปลีกขนาดใหญ่และห้างสรรพสินค้ามักมีการจัดการเงินสดจำนวนมากในช่วงนี้เพื่อเตรียมพร้อมสำหรับการใช้จ่ายของลูกค้า และธุรกิจอาหารก็มีการจัดการเงินเหรียญสำหรับการชำระเงินและการดำเนินงานภายในองค์กร คาดว่าความต้องการจะเพิ่มขึ้นจากปัจจัยฤดูกาลและการเตรียมความพร้อมสำหรับช่วงเทศกาลต่างๆ

**พฤศจิกายน 2567**

คาดว่าจะคงที่เมื่อเทียบกับ September 2567 เนื่องจากกิจกรรมทางเศรษฐกิจโดยรวมยังคงอยู่ในระดับปกติ และธุรกิจต่างๆ ยังคงดำเนินงานตามแผนที่วางไว้ โดยเฉพาะอย่างยิ่งธุรกิจที่เกี่ยวข้องกับการค้าปลีกและบริการมีแนวโน้มที่จะมีการจัดการเงินสดในระดับที่ค่อนข้างคงที่ ไม่มีการเปลี่ยนแปลงที่สำคัญเมื่อเทียบกับเดือนก่อนหน้า อย่างไรก็ตาม ธุรกิจบางประเภทอาจมีการปรับเปลี่ยนการจัดการเงินสดเล็กน้อยเพื่อเตรียมพร้อมสำหรับช่วงเทศกาลปีใหม่ ซึ่งอาจส่งผลให้มีความต้องการเพิ่มขึ้นเล็กน้อยในบางภาคส่วน

**ธันวาคม 2567**

คาดว่าจะเพิ่มขึ้นประมาณ 10% เมื่อเทียบกับ September 2567 เนื่องจากเป็นช่วงเวลาที่ธุรกิจค้าปลีกและอุตสาหกรรมอาหารมีการดำเนินงานที่คึกคักที่สุด โดยเฉพาะอย่างยิ่งในช่วงเทศกาลปีใหม่ ซึ่งมีการใช้จ่ายและการทำธุรกรรมทางการเงินจำนวนมาก ธุรกิจค้าปลีกขนาดใหญ่และห้างสรรพสินค้ามักมีการเตรียมพร้อมสำหรับการรับมือกับปริมาณเงินสดที่เพิ่มขึ้นอย่างมาก นอกจากนี้ ธุรกิจอาหารก็มีการจัดการเงินเหรียญสำหรับการชำระเงินของลูกค้าและค่าใช้จ่ายในการดำเนินงานที่เพิ่มขึ้นในช่วงเทศกาล คาดว่าความต้องการจะสูงขึ้นอย่างมีนัยสำคัญจากปัจจัยทางเศรษฐกิจและฤดูกาล"
2024-09-30 00:00:00.000 +0700,Chicken,ยอไก่ยอ,Intermittent,"ยอไก่ยอ เป็นผลิตภัณฑ์จากเนื้อไก่คุณภาพเยี่ยม เหมาะสำหรับเป็นส่วนประกอบในอาหารแปรรูป หรือเป็นวัตถุดิบสำหรับธุรกิจอาหารและอุตสาหกรรมอาหาร สามารถนำไปประยุกต์ใช้ได้หลากหลายเมนู ช่วยเพิ่มรสชาติและคุณค่าทางโภชนาการให้กับผลิตภัณฑ์ได้อย่างลงตัว ด้วยคุณภาพและความคงทนจึงเป็นที่นิยมในตลาดอุตสาหกรรม
","ตุลาคม 2567 คาดว่าจะเพิ่มขึ้นประมาณ 3% เมื่อเทียบกับเดือนกันยายน 2567 โดยมีแนวโน้มความต้องการที่เพิ่มขึ้นในช่วงต้นเดือนเนื่องจากธุรกิจหลายแห่งเริ่มวางแผนงบประมาณและโครงการสำหรับไตรมาสที่สี่ นอกจากนี้ การเตรียมการสำหรับเทศกาลปีใหม่ที่กำลังจะมาถึงอาจส่งผลให้ความต้องการเพิ่มขึ้นเล็กน้อยในปลายเดือน อย่างไรก็ตาม โดยรวมแล้ว ความต้องการยังคงอยู่ในระดับปานกลาง โดยได้รับแรงหนุนจากการวางแผนการผลิตและโครงการต่างๆ ของภาคอุตสาหกรรมและการจัดซื้อของธุรกิจค้าปลีกขนาดกลางและขนาดใหญ่ที่เตรียมสินค้าสำหรับช่วงเทศกาล

พฤศจิกายน 2567 คาดว่าจะคงที่เมื่อเทียบกับเดือนกันยายน 2567 โดยมีความต้องการที่ค่อนข้างสม่ำเสมอตลอดทั้งเดือน ธุรกิจส่วนใหญ่ยังคงดำเนินการตามแผนงานที่วางไว้ในช่วงไตรมาสที่สี่ และยังไม่มีปัจจัยสำคัญใดๆ ที่จะส่งผลกระทบต่อความต้องการอย่างมีนัยสำคัญ อย่างไรก็ตาม อาจมีความต้องการเพิ่มขึ้นเล็กน้อยในช่วงกลางเดือนเนื่องจากธุรกิจบางแห่งเริ่มทยอยสั่งซื้อสินค้าล่วงหน้าเพื่อเตรียมพร้อมสำหรับช่วงเทศกาลปีใหม่ที่กำลังจะมาถึง ความต้องการในภาคธุรกิจค้าปลีกอาจเพิ่มขึ้นเล็กน้อยเนื่องจากการเตรียมสินค้าสำหรับเทศกาล

ธันวาคม 2567 คาดว่าจะลดลงประมาณ 2% เมื่อเทียบกับเดือนกันยายน 2567 โดยมีความต้องการที่ลดลงในช่วงปลายเดือนเนื่องจากธุรกิจส่วนใหญ่เริ่มปิดทำการเพื่อเฉลิมฉลองเทศกาลปีใหม่ และกิจกรรมทางเศรษฐกิจต่างๆ ลดน้อยลง นอกจากนี้ การจัดซื้อสินค้าในช่วงปลายปีอาจชะลอตัวลงเนื่องจากหลายแห่งต้องการรักษาระดับสินค้าคงคลังให้เหมาะสม อย่างไรก็ตาม ความต้องการในภาคอุตสาหกรรมที่เกี่ยวข้องกับการผลิตและประกอบสินค้าอาจยังคงมีอยู่บ้างเนื่องจากมีโครงการที่ต้องดำเนินการให้เสร็จสิ้นก่อนสิ้นปี"
2024-09-30 00:00:00.000 +0700,Healthcare Supplements,สารเลี้ยงน้ำเชื้อ,Intermittent,สารเลี้ยงน้ำเชื้อ เป็นผลิตภัณฑ์เสริมสุขภาพที่ออกแบบมาเพื่อส่งเสริมและบำรุงรักษาคุณภาพน้ำเชื้อ เหมาะสำหรับใช้ในสถานพยาบาลหรือห้องปฏิบัติการที่เกี่ยวข้องกับการผลิตสืบพันธุ์ ช่วยเสริมสร้างสภาพแวดล้อมที่เหมาะสมต่อการเจริญเติบโตของเซลล์สืบพันธุ์ และสนับสนุนกระบวนการทางชีวภาพที่สำคัญต่อสุขภาพการสืบพันธุ์.,"**ตุลาคม 2567**

คาดว่าจะเพิ่มขึ้นประมาณ 5% เมื่อเทียบกับเดือนกันยายน 2567 โดยแนวโน้มความต้องการในเดือนตุลาคมน่าจะยังคงอยู่ในระดับที่สูงกว่าช่วงกลางเดือน เนื่องจากหลายบริษัทกำลังเร่งดำเนินการตามแผนงานและโครงการที่วางไว้ในช่วงไตรมาสที่สี่ ซึ่งมักจะมีการใช้ผลิตภัณฑ์เสริมสุขภาพประเภทนี้เพื่อสนับสนุนกระบวนการผลิตและการดำเนินงาน นอกจากนี้ การวางแผนงบประมาณของหลายองค์กรสำหรับช่วงปลายปีก็เป็นปัจจัยสำคัญที่ส่งผลให้ความต้องการสินค้าเพิ่มขึ้น โดยเฉพาะอย่างยิ่งในกลุ่มอุตสาหกรรมที่เกี่ยวข้องกับการผลิตอาหารและเครื่องดื่ม ซึ่งมีการวางแผนการผลิตล่วงหน้าเพื่อรองรับช่วงเทศกาลและฤดูกาลต่างๆ

ในเดือนพฤศจิกายน 2567 คาดว่าความต้องการจะคงที่เมื่อเทียบกับเดือนกันยายน 2567 แม้ว่าโดยทั่วไปแล้วเดือนพฤศจิกายนจะเป็นช่วงที่มีการวางแผนและประเมินผลการดำเนินงานของปี ซึ่งอาจส่งผลให้ความต้องการสินค้าโดยรวมไม่เปลี่ยนแปลงมากนัก อย่างไรก็ตาม สำหรับบริษัทที่อยู่ในกลุ่มธุรกิจเกษตรอุตสาหกรรมและอาหาร อาจมีความต้องการสินค้าเพิ่มขึ้นเล็กน้อยเนื่องจากการเตรียมความพร้อมสำหรับฤดูกาลเพาะปลูกและเก็บเกี่ยวในรอบถัดไป นอกจากนี้ การวางแผนการจัดซื้อในไตรมาสสุดท้ายของปีของบริษัทค้าปลีกและค้าส่งบางแห่งก็อาจเป็นปัจจัยสนับสนุนให้มีความต้องการสินค้าในระดับที่ใกล้เคียงกับเดือนกันยายน

สำหรับเดือนธันวาคม 2567 คาดว่าความต้องการจะลดลงประมาณ 3% เมื่อเทียบกับเดือนกันยายน 2567 เนื่องจากหลายบริษัทอาจเริ่มลดระดับการดำเนินงานลงในช่วงท้ายปีเพื่อเตรียมพร้อมสำหรับการปิดปีบัญชีและการวางแผนสำหรับปีถัดไป โดยเฉพาะอย่างยิ่งในกลุ่มธุรกิจค้าปลีกและค้าส่งที่มักจะมีการลดการสั่งซื้อเพื่อบริหารจัดการสินค้าคงคลัง นอกจากนี้ การสิ้นสุดของงบประมาณประจำปีของหลายองค์กรก็อาจส่งผลให้การจัดซื้อสินค้าประเภทนี้ชะลอตัวลงในช่วงเดือนธันวาคม"
2024-09-30 00:00:00.000 +0700,Laminator,เครื่องเคลือบเอกสาร,Intermittent,"เครื่องเคลือบเอกสารรุ่นนี้เหมาะสำหรับใช้งานในสำนักงานและภาคอุตสาหกรรม ช่วยปกป้องเอกสารสำคัญจากความเสียหาย เช่น รอยเปื้อน รอยยับ และการสึกหรอ ทำให้เอกสารมีความทนทานและใช้งานได้ยาวนานขึ้น ด้วยการเคลือบที่เรียบเนียนและสวยงาม เหมาะสำหรับการใช้งานทั่วไปและการจัดเก็บเอกสารระยะยาว
","ตุลาคม 2567 คาดว่าจะเพิ่มขึ้นประมาณ 2% เมื่อเทียบกับเดือนกันยายน 2567 โดยมีแนวโน้มความต้องการที่เพิ่มขึ้นในช่วงต้นเดือน ซึ่งสอดคล้องกับช่วงเริ่มต้นของแผนการดำเนินงานและงบประมาณของหลายบริษัท โดยเฉพาะอย่างยิ่งในภาคอุตสาหกรรมที่มักจะมีการวางแผนการผลิตและจัดซื้อในช่วงต้นไตรมาส นอกจากนี้ ภาคค้าปลีกและค้าส่งหลายแห่งอาจมีการเตรียมสต็อกสินค้าเพื่อรองรับช่วงเทศกาลหรือฤดูกาล ทำให้มีความต้องการเครื่องเคลือบเอกสารเพิ่มขึ้นเล็กน้อยในเดือนตุลาคม อย่างไรก็ตาม ความต้องการอาจทรงตัวในช่วงปลายเดือนเนื่องจากการดำเนินงานประจำวันของธุรกิจส่วนใหญ่ยังคงเป็นไปตามปกติ

พฤศจิกายน 2567 คาดว่าจะทรงตัวเมื่อเทียบกับเดือนกันยายน 2567 โดยมีความต้องการที่ค่อนข้างสม่ำเสมอตลอดทั้งเดือน ซึ่งเป็นผลมาจากช่วงเวลาที่ธุรกิจส่วนใหญ่ได้ดำเนินงานตามแผนและมีการจัดสรรงบประมาณที่มั่นคงแล้ว ภาคธุรกิจบริการและภาคการเงินอาจมีความต้องการเครื่องเคลือบเอกสารอย่างต่อเนื่องสำหรับการจัดการเอกสารและบันทึกต่างๆ ในขณะที่ภาคการศึกษาและหน่วยงานราชการอาจมีการจัดซื้อตามรอบปี ทำให้ความต้องการโดยรวมยังคงอยู่ในระดับที่ใกล้เคียงกับเดือนก่อนหน้า อย่างไรก็ตาม อาจมีความต้องการเพิ่มขึ้นเล็กน้อยในช่วงปลายเดือนเนื่องจากการเตรียมตัวสำหรับช่วงวันหยุดยาว

ธันวาคม 2567 คาดว่าจะลดลงประมาณ 1% เมื่อเทียบกับเดือนกันยายน 2567 โดยมีความต้องการที่ลดลงเล็กน้อยในช่วงปลายปี ซึ่งเป็นไปตามช่วงเวลาที่หลายธุรกิจอาจมีการลดระดับการดำเนินงานลงในช่วงปิดปี หรือมีการปรับปรุงบัญชีและเอกสาร ทำให้ความต้องการเครื่องเคลือบเอกสารลดลงบ้างเล็กน้อย ภาคธุรกิจที่เน้นการส่งออกอาจมีความต้องการลดลงเนื่องจากตารางการส่งมอบสินค้าที่อาจชะลอตัวลง นอกจากนี้ ภาคการค้าปลีกและค้าส่งบางแห่งอาจมีการลดสต็อกสินค้าเพื่อเตรียมพร้อมสำหรับปีใหม่ ทำให้ความต้องการโดยรวมลดลงเล็กน้อยเมื่อเทียบกับเดือนก่อนหน้า"
2024-09-30 00:00:00.000 +0700,Bench Grinders,เครื่องเจียร์,Intermittent,"เครื่องเจียร์ คือเครื่องมือขัดและลับคมสำหรับงานขัดเงา, ตัด, และปรับแต่งชิ้นงานได้อย่างแม่นยำ เหมาะอย่างยิ่งสำหรับโรงงานอุตสาหกรรมและผู้ที่ต้องการเครื่องมือที่มีประสิทธิภาพสูงในการใช้งานต่อเนื่อง มั่นใจได้ถึงคุณภาพและความทนทานในการใช้งานหนัก.","ตุลาคม 2567
คาดว่าจะเพิ่มขึ้นประมาณ 2% เมื่อเทียบกับ September 2567 โดยมีแนวโน้มความต้องการที่เพิ่มขึ้นในช่วงต้นเดือน เนื่องจากการวางแผนโครงการและงบประมาณของหลายบริษัทเริ่มดำเนินการหลังสิ้นสุดไตรมาสที่สอง นอกจากนี้ การเตรียมความพร้อมสำหรับกิจกรรมส่งเสริมการขายและโปรโมชั่นในช่วงปลายปีของธุรกิจค้าปลีกและค้าส่งยังส่งผลให้มีความต้องการเครื่องเจียร์เพิ่มขึ้นเพื่อรองรับการผลิตและปรับปรุงสินค้าคงคลัง อย่างไรก็ตาม ความต้องการในครึ่งหลังของเดือนอาจชะลอตัวลงเล็กน้อย เนื่องจากบริษัทหลายแห่งเริ่มทยอยปิดงบประมาณประจำปี

พฤศจิกายน 2567
คาดว่าจะคงที่เมื่อเทียบกับ September 2567 โดยความต้องการยังคงอยู่ในระดับที่ค่อนข้างสม่ำเสมอ เนื่องจากธุรกิจอุตสาหกรรมยังคงดำเนินงานตามแผนและมีการวางแผนการบำรุงรักษาเครื่องจักรอย่างต่อเนื่อง นอกจากนี้ การเตรียมตัวสำหรับเทศกาลและฤดูกาลต่างๆ ที่ส่งผลต่อการผลิตในบางอุตสาหกรรม เช่น อุตสาหกรรมการอาหารและเครื่องดื่ม ยังคงเป็นปัจจัยสำคัญที่ทำให้ความต้องการเครื่องเจียร์อยู่ในระดับเดิม อย่างไรก็ตาม ความต้องการอาจมีการปรับตัวขึ้นเล็กน้อยในช่วงปลายเดือนเนื่องจากการสั่งซื้อล่วงหน้าสำหรับการดำเนินงานในช่วงต้นปีถัดไป

ธันวาคม 2567
คาดว่าจะลดลงประมาณ 1% เมื่อเทียบกับ September 2567 เนื่องจากโดยทั่วไปแล้วกิจกรรมทางเศรษฐกิจและธุรกิจจะชะลอตัวลงในช่วงปลายปี และบริษัทหลายแห่งอาจมีการปรับลดงบประมาณการลงทุนหรือการจัดซื้อที่ไม่จำเป็น อย่างไรก็ตาม ความต้องการในภาคอุตสาหกรรมที่เกี่ยวข้องกับการผลิตสินค้าเพื่อส่งออกอาจยังคงอยู่ในระดับที่ค่อนข้างคงที่ นอกจากนี้ การวางแผนการผลิตและการดำเนินงานในช่วงต้นปีถัดไปยังส่งผลให้มีความต้องการเครื่องเจียร์ในระดับที่ลดลงเล็กน้อยเมื่อเทียบกับช่วงก่อนหน้า"
2024-09-30 00:00:00.000 +0700,Air Conditioning Installation Or Maintenance Or Repair Service,เดินท่อน้ำยาแอร์,Intermittent,"เดินท่อน้ำยาแอร์ เป็นบริการติดตั้ง, บำรุงรักษา, และซ่อมแซมระบบปรับอากาศสำหรับภาคอุตสาหกรรมและสำนักงาน บริการของเราครอบคลุมการเดินท่อน้ำยาแอร์อย่างครบวงจร เพื่อประสิทธิภาพสูงสุดของระบบปรับอากาศ ลดปัญหาการรั่วไหล และยืดอายุการใช้งานของเครื่องปรับอากาศในพื้นที่ใช้งานของคุณ ด้วยทีมช่างผู้เชี่ยวชาญและอุปกรณ์ทันสมัย เราพร้อมดูแลระบบปรับอากาศของคุณให้ทำงานได้อย่างราบรื่นและมีประสิทธิภาพ

**Field Classification:** Industrial/Office (Applicable to both industrial and office air conditioning systems)
","ตุลาคม 2567 คาดว่าจะเพิ่มขึ้นประมาณ 2% เมื่อเทียบกับเดือนกันยายน 2567 เนื่องจากภาคอุตสาหกรรมและสำนักงานหลายแห่งกำลังวางแผนการบำรุงรักษาเชิงป้องกันสำหรับอุปกรณ์ปรับอากาศในช่วงต้นฤดูใบไม้ร่วง ซึ่งสอดคล้องกับแนวโน้มในปีก่อนๆ ที่มักจะมีการเพิ่มขึ้นของความต้องการในช่วงนี้เพื่อเตรียมพร้อมสำหรับการใช้งานที่เข้มข้นขึ้น นอกจากนี้ การวางแผนงบประมาณประจำปีขององค์กรต่างๆ ก็เป็นปัจจัยสำคัญที่กระตุ้นให้เกิดการสั่งซื้ออุปกรณ์เหล่านี้ในช่วงนี้ โดยเฉพาะอย่างยิ่งบริษัทขนาดกลางและขนาดใหญ่ในภาคการผลิตและค้าปลีกที่ให้ความสำคัญกับการรักษาประสิทธิภาพของระบบปรับอากาศเพื่อลดต้นทุนการดำเนินงาน

พฤศจิกายน 2567 คาดว่าจะคงที่เมื่อเทียบกับเดือนกันยายน 2567 แม้ว่าภาคธุรกิจส่วนใหญ่จะเข้าสู่ช่วงการดำเนินงานปกติแล้ว แต่ความต้องการยังคงอยู่ในระดับที่ค่อนข้างสม่ำเสมอ เนื่องจากหลายองค์กรได้ดำเนินการบำรุงรักษาตามแผนแล้ว และการลงทุนในระบบปรับอากาศใหม่หรือการปรับปรุงระบบเดิมมักจะเกิดขึ้นในช่วงปลายปีเพื่อเตรียมพร้อมสำหรับฤดูหนาวและลดภาระการทำงานของระบบในช่วงฤดูร้อนที่กำลังจะมาถึง อย่างไรก็ตาม ธุรกิจที่เกี่ยวข้องกับการจัดจำหน่ายและติดตั้งระบบปรับอากาศอาจมีการสั่งซื้อเพิ่มขึ้นเล็กน้อยเพื่อตอบสนองความต้องการของลูกค้าในช่วงเทศกาลหรือการเตรียมความพร้อมก่อนฤดูหนาว

ธันวาคม 2567 คาดว่าจะลดลงประมาณ 1% เมื่อเทียบกับเดือนกันยายน 2567 เนื่องจากความต้องการโดยรวมจะชะลอตัวลงในช่วงปลายปี เนื่องจากหลายธุรกิจอาจลดกิจกรรมบางประเภทเพื่อเตรียมพร้อมสำหรับวันหยุดยาวและช่วงสิ้นปี นอกจากนี้ การวางแผนงบประมาณสำหรับปีถัดไปอาจทำให้การตัดสินใจลงทุนในอุปกรณ์ปรับอากาศใหม่หรือการปรับปรุงระบบเดิมล่าช้าออกไป อย่างไรก็ตาม ธุรกิจที่อยู่ในภาคบริการ เช่น โรงแรมและศูนย์การค้า อาจยังคงมีความต้องการเพื่อรักษาความสะดวกสบายของลูกค้าในช่วงเทศกาล ซึ่งเป็นปัจจัยสำคัญที่ส่งผลต่อปริมาณการสั่งซื้อ"
2024-09-30 00:00:00.000 +0700,File Folder Accessories,ไส้แฟ้ม,Lumpy,,สินค้านี้มีช่วงไม่มีการซื้อสลับกับการซื้อในปริมาณมาก ส่งผลให้ไม่สามารถคาดการณ์ปริมาณความต้องการได้
2024-09-30 00:00:00.000 +0700,Cable Sleeves,ไส้ไก่พันสายไฟ,Lumpy,,สินค้านี้มีช่วงไม่มีการซื้อสลับกับการซื้อในปริมาณมาก ส่งผลให้ไม่สามารถคาดการณ์ปริมาณความต้องการได้
2024-09-30 00:00:00.000 +0700,Other Chemicals,additive,Intermittent,"ผลิตภัณฑ์ ""additive"" ในกลุ่มสารเคมีอื่นๆ นี้ ออกแบบมาเพื่อปรับปรุงคุณสมบัติของวัสดุและกระบวนการทางอุตสาหกรรม ช่วยเพิ่มประสิทธิภาพและความทนทานในหลากหลายการใช้งาน เหมาะสำหรับใช้ในโรงงานอุตสาหกรรมและบริการที่เกี่ยวข้อง เพื่อให้ได้ผลลัพธ์ตามต้องการและตอบโจทย์ความต้องการเฉพาะทาง
","ตุลาคม 2567 คาดว่าจะเพิ่มขึ้นประมาณ 15% เมื่อเทียบกับ กันยายน 2567 โดยมีแนวโน้มความต้องการที่เพิ่มขึ้นในช่วงต้นเดือน ซึ่งสอดคล้องกับช่วงเริ่มต้นของแผนการดำเนินงานประจำปีของหลายภาคอุตสาหกรรม โดยเฉพาะอย่างยิ่งกลุ่มผู้ค้าปลีกและผู้ให้บริการขนาดใหญ่ที่มักจะมีการวางแผนสต็อกสินค้าล่วงหน้าเพื่อรองรับฤดูกาลและกิจกรรมส่งเสริมการขายต่างๆ นอกจากนี้ กลุ่มธุรกิจที่เกี่ยวข้องกับการผลิตและอุตสาหกรรมหนักก็มีแนวโน้มที่จะเพิ่มปริมาณการสั่งซื้อเพื่อเตรียมความพร้อมสำหรับโครงการใหม่ๆ และการบำรุงรักษาตามกำหนดเวลา ทำให้ความต้องการสินค้ากลุ่มนี้มีแนวโน้มเติบโตอย่างต่อเนื่อง

พฤศจิกายน 2567 คาดว่าจะคงที่เมื่อเทียบกับ กันยายน 2567 โดยมีความต้องการที่ค่อนข้างสม่ำเสมอตลอดทั้งเดือน ซึ่งเป็นผลมาจากช่วงเวลาที่อยู่ในช่วงกลางของปี ทำให้กิจกรรมทางธุรกิจและโครงการต่างๆ ยังคงดำเนินไปตามแผนที่วางไว้ โดยเฉพาะอย่างยิ่งในกลุ่มธุรกิจที่เกี่ยวข้องกับการค้าส่งและค้าปลีก ซึ่งมักจะมีการสั่งซื้อสินค้าอย่างต่อเนื่องเพื่อเติมสต็อกสินค้าและตอบสนองความต้องการของลูกค้า นอกจากนี้ ธุรกิจที่เกี่ยวข้องกับการบริการและเทคโนโลยีสารสนเทศก็มีแนวโน้มที่จะมีความต้องการที่ค่อนข้างคงที่ เนื่องจากมีการดำเนินงานและโครงการต่างๆ อย่างต่อเนื่อง

ธันวาคม 2567 คาดว่าจะลดลงประมาณ 8% เมื่อเทียบกับ กันยายน 2567 โดยมีความต้องการที่ลดลงในช่วงปลายเดือน ซึ่งอาจเป็นผลมาจากช่วงสิ้นปีที่หลายภาคธุรกิจมีการปรับลดงบประมาณและชะลอการลงทุนในโครงการใหม่ๆ นอกจากนี้ ธุรกิจที่เกี่ยวข้องกับการผลิตอาจมีการลดปริมาณการผลิตเพื่อเตรียมพร้อมสำหรับช่วงวันหยุดยาวและฤดูกาลท่องเที่ยว ทำให้ความต้องการสินค้ากลุ่มนี้มีแนวโน้มลดลงตามไปด้วย อย่างไรก็ตาม กลุ่มธุรกิจที่เกี่ยวข้องกับการบริการและเทคโนโลยีสารสนเทศอาจยังคงมีความต้องการในระดับที่ใกล้เคียงกับช่วงก่อนหน้า เนื่องจากยังคงมีการดำเนินงานและโครงการต่างๆ ที่ต้องดำเนินการต่อไป"
2024-09-30 00:00:00.000 +0700,Thermal Cooker,กระติกน้ำร้อน,Intermittent,กระติกน้ำร้อน เหมาะสำหรับใช้งานในภาคอุตสาหกรรมและสำนักงานขนาดใหญ่ ด้วยความจุที่เหมาะสมและประสิทธิภาพในการรักษาอุณหภูมิสูง เหมาะสำหรับการเตรียมน้ำร้อนสำหรับเครื่องดื่มหรือการใช้งานอื่นๆ ช่วยประหยัดเวลาและพลังงานอย่างมีประสิทธิภาพ มั่นใจได้ถึงคุณภาพและความทนทานในการใช้งานต่อเนื่อง.,"ตุลาคม 2567 คาดว่าจะเพิ่มขึ้นประมาณ 2% เมื่อเทียบกับเดือนกันยายน 2567 โดยมีแนวโน้มความต้องการที่เพิ่มขึ้นในช่วงต้นเดือน ซึ่งสอดคล้องกับแผนการดำเนินงานและงบประมาณของหลายบริษัทที่เริ่มดำเนินการโครงการใหม่ๆ หลังช่วงวันหยุดยาว นอกจากนี้ ยังมีความต้องการที่เพิ่มขึ้นในช่วงปลายเดือนเนื่องจากบริษัทต่างๆ เตรียมพร้อมสำหรับไตรมาสถัดไปและมีการวางแผนการจัดซื้อเพื่อรองรับปริมาณงานที่คาดว่าจะเพิ่มขึ้นในช่วงปลายปี โดยเฉพาะอย่างยิ่งในกลุ่มธุรกิจอุตสาหกรรมการผลิตและธุรกิจค้าปลีกขนาดใหญ่ที่มักจะมีการจัดซื้อสินค้าเพื่อใช้ในสต็อกหรือเพื่อเตรียมพร้อมสำหรับเทศกาลต่างๆ

พฤศจิกายน 2567 คาดว่าจะคงที่เมื่อเทียบกับเดือนกันยายน 2567 โดยมีความต้องการที่ค่อนข้างสม่ำเสมอตลอดทั้งเดือน ซึ่งได้รับผลมาจากวงจรการจัดซื้อที่เป็นไปตามแผนของบริษัทต่างๆ ที่มีการวางแผนการจัดซื้อล่วงหน้าและมีการดำเนินงานตามปกติ โดยเฉพาะอย่างยิ่งในกลุ่มธุรกิจบริการและธุรกิจที่เกี่ยวข้องกับเทคโนโลยี ซึ่งมักจะมีการจัดซื้อสินค้าอย่างต่อเนื่องเพื่อรองรับการดำเนินงานและพัฒนาธุรกิจ นอกจากนี้ ยังมีปัจจัยด้านการวางแผนงบประมาณของบริษัทต่างๆ ที่ทำให้ความต้องการในเดือนนี้ไม่แตกต่างจากเดือนก่อนหน้าอย่างมีนัยสำคัญ

ธันวาคม 2567 คาดว่าจะลดลงประมาณ 1% เมื่อเทียบกับเดือนกันยายน 2567 โดยมีความต้องการที่ลดลงเล็กน้อยในช่วงปลายเดือน ซึ่งอาจเป็นผลมาจากช่วงสิ้นปีที่หลายบริษัทมีการปรับปรุงงบประมาณและลดการลงทุนในบางโครงการ นอกจากนี้ การดำเนินงานทางธุรกิจในช่วงปลายปีอาจชะลอตัวลงเนื่องจากเป็นช่วงเวลาที่หลายภาคส่วนมีการพักผ่อนและเตรียมตัวสำหรับปีใหม่ โดยเฉพาะอย่างยิ่งในกลุ่มธุรกิจค้าปลีกและธุรกิจที่เกี่ยวข้องกับการท่องเที่ยว ซึ่งมักจะมีความต้องการสินค้าลดลงในช่วงเทศกาลสิ้นปี"
2024-09-30 00:00:00.000 +0700,Paper Boxes,ค่าบริการซ่อม flap box,Intermittent,"ค่าบริการซ่อม flap box สำหรับกล่องกระดาษอุตสาหกรรม บริการซ่อมแซมกลไกเปิด-ปิด flap box เพื่อให้กล่องกลับมาใช้งานได้อย่างมีประสิทธิภาพ ลดต้นทุนและยืดอายุการใช้งานของบรรจุภัณฑ์ ช่วยรักษาคุณภาพสินค้าและภาพลักษณ์ขององค์กร เหมาะสำหรับโรงงานอุตสาหกรรมและธุรกิจที่ใช้กล่องกระดาษเป็นหลัก
","ตุลาคม 2567 คาดว่าจะเพิ่มขึ้นประมาณ 2% เมื่อเทียบกับเดือนกันยายน 2567 เนื่องจากธุรกิจบรรจุภัณฑ์และอุตสาหกรรมการผลิตหลายแห่งเริ่มทยอยวางแผนการผลิตสำหรับไตรมาสที่สี่ของปี ซึ่งมักจะมีการเพิ่มขึ้นของปริมาณการผลิตและต้องการบริการซ่อมแซมกล่องกระดาษเพิ่มขึ้นตามไปด้วย นอกจากนี้ การวางแผนสินค้าคงคลังเพื่อรองรับช่วงเทศกาลและฤดูกาลต่างๆ ในช่วงปลายปีก็เป็นปัจจัยสนับสนุนให้ความต้องการบริการซ่อมแซมเพิ่มสูงขึ้น โดยเฉพาะอย่างยิ่งสำหรับบริษัทค้าปลีกและธุรกิจที่เกี่ยวข้องกับการจัดส่งสินค้า

พฤศจิกายน 2567 คาดว่าจะคงที่เมื่อเทียบกับเดือนกันยายน 2567 เนื่องจากโดยทั่วไปแล้วธุรกิจส่วนใหญ่จะยังคงดำเนินงานตามแผนที่วางไว้ในช่วงไตรมาสสุดท้ายของปี โดยไม่มีปัจจัยกระตุ้นหรือชะลอตัวของความต้องการที่ชัดเจนนัก อย่างไรก็ตาม การเตรียมความพร้อมสำหรับช่วงเทศกาลปีใหม่และกิจกรรมส่งเสริมการขายต่างๆ ในช่วงปลายเดือนพฤศจิกายนอาจส่งผลให้มีความต้องการบริการซ่อมแซมเพิ่มขึ้นเล็กน้อยสำหรับธุรกิจค้าปลีกและผู้ประกอบการที่ต้องการบรรจุภัณฑ์พิเศษสำหรับโปรโมชั่น

ธันวาคม 2567 คาดว่าจะเพิ่มขึ้นประมาณ 5% เมื่อเทียบกับเดือนกันยายน 2567 เนื่องจากเป็นช่วงที่มีกิจกรรมทางเศรษฐกิจและธุรกิจคึกคักที่สุดของปี ทั้งจากการเตรียมพร้อมสำหรับเทศกาลปีใหม่ การส่งเสริมการขายในช่วงปลายปี และการวางแผนสำหรับปีถัดไป ทำให้หลายอุตสาหกรรมมีความต้องการบริการซ่อมแซมกล่องกระดาษเพิ่มขึ้นอย่างมีนัยสำคัญ โดยเฉพาะอย่างยิ่งธุรกิจค้าปลีก ธุรกิจอาหารและเครื่องดื่ม และผู้ผลิตสินค้าอุปโภคบริโภคที่ต้องการบรรจุภัณฑ์คุณภาพดีเพื่อสร้างความประทับใจให้กับลูกค้า"
2024-09-30 00:00:00.000 +0700,Chest Freezers,ตู้เตรียม,Intermittent,"ตู้เตรียม เป็นตู้แช่แข็งสำหรับใช้งานในภาคอุตสาหกรรมและธุรกิจ เหมาะสำหรับจัดเก็บวัตถุดิบหรือสินค้าคงคลังจำนวนมาก รักษาอุณหภูมิได้อย่างแม่นยำ คงความสดใหม่ได้ยาวนาน ช่วยเพิ่มประสิทธิภาพในการจัดการสินค้าและลดความสูญเสีย เหมาะสำหรับโรงงาน, คลังสินค้า หรือห้องเย็นขนาดเล็ก.","**ตุลาคม 2567**
คาดว่าจะเพิ่มขึ้นประมาณ 3% เมื่อเทียบกับ September 2567 เนื่องจากธุรกิจค้าปลีกและค้าส่งหลายแห่งเตรียมสต็อกสินค้าสำหรับช่วงเทศกาลและฤดูกาลทางการค้าที่กำลังจะมาถึง โดยเฉพาะอย่างยิ่งธุรกิจที่เกี่ยวข้องกับการจัดเก็บสินค้าคงคลังขนาดใหญ่ เช่น คลังสินค้าและศูนย์กระจายสินค้า คาดว่าจะมีคำสั่งซื้อเพิ่มขึ้นจากภาคธุรกิจที่วางแผนการดำเนินงานและเพิ่มปริมาณสินค้าในช่วงต้นฤดูใบไม้ร่วง นอกจากนี้ ภาคอุตสาหกรรมบางประเภทอาจมีการเพิ่มกำลังการผลิตในช่วงนี้ ซึ่งส่งผลให้มีความต้องการตู้เตรียมเพื่อรองรับการจัดเก็บวัตถุดิบที่เพิ่มขึ้น อย่างไรก็ตาม การเติบโตอาจยังไม่สูงมากนัก เนื่องจากบางธุรกิจอาจยังคงประเมินสถานการณ์ทางเศรษฐกิจและปรับแผนการลงทุน

**พฤศจิกายน 2567**
คาดว่าจะคงที่เมื่อเทียบกับ September 2567 โดยคาดการณ์ว่าความต้องการตู้เตรียมจะยังคงอยู่ในระดับที่ค่อนข้างสม่ำเสมอ เนื่องจากธุรกิจส่วนใหญ่ได้ดำเนินการจัดซื้อสินค้าสำหรับช่วงเทศกาลและฤดูกาลหลักไปแล้ว อย่างไรก็ตาม ภาคธุรกิจที่เกี่ยวข้องกับการผลิตอาหารและเครื่องดื่มอาจยังคงมีความต้องการอย่างต่อเนื่องเพื่อรองรับการผลิตที่ยังคงดำเนินไป นอกจากนี้ ธุรกิจที่เกี่ยวข้องกับการจัดเก็บและขนส่งสินค้าอาจมีการสั่งซื้อเพิ่มเติมเพื่อเตรียมพร้อมสำหรับช่วงปลายปี ซึ่งอาจส่งผลให้ปริมาณการสั่งซื้อโดยรวมยังคงใกล้เคียงกับเดือนก่อนหน้า แม้ว่าจะไม่มีปัจจัยกระตุ้นหรือปัจจัยกดดันที่ชัดเจน

**ธันวาคม 2567**
คาดว่าจะเพิ่มขึ้นประมาณ 5% เมื่อเทียบกับ September 2567 เนื่องจากเป็นช่วงที่มีการจับจ่ายใช้สอยและกิจกรรมทางเศรษฐกิจที่เพิ่มสูงขึ้น โดยเฉพาะอย่างยิ่งธุรกิจค้าปลีกและธุรกิจที่เกี่ยวข้องกับการจัดเก็บสินค้าสำหรับเทศกาลปีใหม่ คาดว่าจะมีคำสั่งซื้อเพิ่มขึ้นจากภาคธุรกิจที่ต้องการเพิ่มปริมาณสินค้าคงคลังเพื่อรองรับความต้องการของลูกค้าที่เพิ่มขึ้นในช่วงปลายปี นอกจากนี้ ธุรกิจที่เกี่ยวข้องกับการผลิตอาหารและเครื่องดื่มอาจมีการเพิ่มกำลังการผลิตเพื่อตอบสนองความต้องการที่สูงขึ้นในช่วงเทศกาล ซึ่งจะส่งผลให้มีความต้องการตู้เตรียมเพิ่มขึ้นอย่างมีนัยสำคัญ แม้ว่าอาจมีความผันผวนจากปัจจัยภายนอกบางประการ แต่โดยรวมแล้วคาดว่าความต้องการจะยังคงอยู่ในทิศทางขาขึ้น"
2024-09-30 00:00:00.000 +0700,Post Office Box Services,บริการส่งเหรียญ,Intermittent,บริการส่งเหรียญจากที่ทำการไปรษณีย์ อำนวยความสะดวกในการจัดส่งเหรียญจำนวนมากสำหรับธุรกิจและองค์กรต่างๆ อย่างปลอดภัยและมีประสิทธิภาพ บริการนี้ช่วยลดภาระค่าใช้จ่ายและเวลาในการจัดการเหรียญ เหมาะสำหรับธนาคาร ร้านค้าปลีก หรือหน่วยงานที่ต้องการส่งเหรียญเป็นจำนวนมากอย่างสม่ำเสมอ.,"ตุลาคม 2567 คาดว่าจะเพิ่มขึ้นประมาณ 5% เมื่อเทียบกับเดือนกันยายน 2567 โดยแนวโน้มความต้องการในเดือนตุลาคมคาดว่าจะยังคงอยู่ในระดับที่ค่อนข้างคงที่ต่อเนื่องจากเดือนกันยายน ซึ่งสอดคล้องกับวงจรการวางแผนงบประมาณของบริษัทขนาดกลางและขนาดใหญ่ที่มักจะเริ่มการอนุมัติงบประมาณสำหรับไตรมาสถัดไป ทำให้มีความต้องการในการจัดซื้อสินค้าเพื่อรองรับการดำเนินงานที่เพิ่มขึ้นเล็กน้อย นอกจากนี้ ภาคอุตสาหกรรมการผลิตและค้าปลีกที่อยู่ในช่วงเริ่มต้นของการเตรียมพร้อมสำหรับฤดูกาลส่งเสริมการขายปลายปี ก็เป็นปัจจัยสนับสนุนให้มีความต้องการสินค้าเพื่อการดำเนินงานเพิ่มขึ้นอย่างต่อเนื่อง

พฤศจิกายน 2567 คาดว่าจะคงที่เมื่อเทียบกับเดือนกันยายน 2567 แนวโน้มความต้องการในเดือนพฤศจิกายนคาดว่าจะยังคงทรงตัว โดยได้รับอิทธิพลจากการที่บริษัทต่างๆ ส่วนใหญ่ได้ดำเนินการจัดซื้อสินค้าเพื่อเตรียมพร้อมสำหรับช่วงเทศกาลและฤดูกาลส่งเสริมการขายที่กำลังจะมาถึงแล้ว ทำให้ความต้องการสินค้าเพื่อการดำเนินงานในเดือนนี้ไม่เปลี่ยนแปลงมากนัก อย่างไรก็ตาม ธุรกิจค้าปลีกและธุรกิจที่เกี่ยวข้องกับการจัดส่งสินค้าคงคลังยังคงมีความต้องการสินค้าเพื่อเติมสต็อกอย่างต่อเนื่องเพื่อรองรับปริมาณการสั่งซื้อที่คาดว่าจะเพิ่มขึ้นในช่วงปลายปี

ธันวาคม 2567 คาดว่าจะเพิ่มขึ้นประมาณ 10% เมื่อเทียบกับเดือนกันยายน 2567 ความต้องการสินค้าในเดือนธันวาคมคาดว่าจะเพิ่มสูงขึ้นอย่างมีนัยสำคัญ โดยเฉพาะในภาคธุรกิจค้าปลีกและธุรกิจอีคอมเมิร์ซ ที่มีการเตรียมพร้อมสำหรับเทศกาลปีใหม่และกิจกรรมส่งเสริมการขายต่างๆ ทำให้มีความต้องการในการจัดส่งเหรียญเพื่ออำนวยความสะดวกในการชำระเงินที่เพิ่มขึ้น นอกจากนี้ ธุรกิจบริการและธุรกิจที่เกี่ยวข้องกับการท่องเที่ยวก็มีความต้องการสินค้าเพื่อการดำเนินงานที่เพิ่มขึ้นตามไปด้วย"
2024-09-30 00:00:00.000 +0700,Chicken,ยอไก่ยอ,Intermittent,"ยอไก่ยอ เป็นผลิตภัณฑ์จากเนื้อไก่คุณภาพเยี่ยม เหมาะสำหรับเป็นส่วนประกอบในอาหารแปรรูป หรือเป็นวัตถุดิบสำหรับธุรกิจอาหารและอุตสาหกรรมอาหาร สามารถนำไปประยุกต์ใช้ได้หลากหลายเมนู ช่วยเพิ่มรสชาติและคุณค่าทางโภชนาการให้กับผลิตภัณฑ์ได้อย่างลงตัว ด้วยคุณภาพและความคงทนจึงเป็นที่นิยมในตลาดอุตสาหกรรม
","ตุลาคม 2567
คาดว่าจะเพิ่มขึ้นประมาณ 5% เมื่อเทียบกับ September 2567 เนื่องจากธุรกิจค้าปลีกและอุตสาหกรรมอาหารหลายแห่งกำลังเตรียมสต็อกสินค้าสำหรับช่วงเทศกาลและฤดูกาลการผลิตที่เพิ่มขึ้น โดยเฉพาะอย่างยิ่งบริษัทค้าปลีกขนาดใหญ่และผู้ผลิตอาหารแปรรูปมักจะมีการวางแผนการจัดซื้อล่วงหน้าเพื่อรองรับความต้องการของตลาดที่คาดว่าจะสูงขึ้น นอกจากนี้ การวางแผนการผลิตของธุรกิจอาหารยังส่งผลให้มีความต้องการวัตถุดิบอย่างต่อเนื่องในช่วงต้นฤดูกาลใหม่ ซึ่งสอดคล้องกับแนวโน้มการเพิ่มขึ้นของออเดอร์ในเดือนตุลาคมที่ผ่านมา

พฤศจิกายน 2567 คาดว่าจะคงที่เมื่อเทียบกับ September 2567 เนื่องจากธุรกิจส่วนใหญ่ได้ดำเนินการจัดซื้อสินค้าตามแผนในช่วงก่อนหน้า และมีความไม่แน่นอนทางเศรษฐกิจบางประการที่อาจส่งผลให้การตัดสินใจซื้อชะลอตัวลงบ้าง อย่างไรก็ตาม ธุรกิจที่เกี่ยวข้องกับการผลิตอาหารและเครื่องดื่มยังคงมีความต้องการวัตถุดิบอย่างสม่ำเสมอเพื่อรักษาระดับการผลิตที่มั่นคง นอกจากนี้ การวางแผนการดำเนินงานของบริษัทค้าส่งและผู้จัดจำหน่ายขนาดใหญ่มักจะมีการสั่งซื้อล่วงหน้าเพื่อรองรับความต้องการของร้านค้าปลีกและธุรกิจขนาดเล็ก ซึ่งส่งผลให้มีความต้องการยอไก่ยอในระดับที่ใกล้เคียงกับเดือนตุลาคม

ธันวาคม 2567 คาดว่าจะลดลงประมาณ 3% เมื่อเทียบกับ September 2567 เนื่องจากโดยทั่วไปแล้วธุรกิจจะมีการปรับลดสต็อกสินค้าหลังช่วงเทศกาลสำคัญ และมีความต้องการวัตถุดิบสำหรับการผลิตที่อาจชะลอตัวลงในช่วงปลายปี นอกจากนี้ การวางแผนการดำเนินงานของบริษัทอาหารบางแห่งอาจมีการปรับลดปริมาณการผลิตในช่วงสิ้นปี ซึ่งส่งผลให้ความต้องการยอไก่ยอในตลาดลดลงเล็กน้อย อย่างไรก็ตาม ธุรกิจที่เน้นการส่งออกหรือมีสัญญาการจัดซื้อระยะยาวอาจยังคงมีความต้องการอย่างต่อเนื่อง"
2024-09-30 00:00:00.000 +0700,Healthcare Supplements,สารเลี้ยงน้ำเชื้อ,Intermittent,สารเลี้ยงน้ำเชื้อ เป็นผลิตภัณฑ์เสริมสุขภาพที่ออกแบบมาเพื่อส่งเสริมและบำรุงรักษาคุณภาพน้ำเชื้อ เหมาะสำหรับใช้ในสถานพยาบาลหรือห้องปฏิบัติการที่เกี่ยวข้องกับการผลิตสืบพันธุ์ ช่วยเสริมสร้างสภาพแวดล้อมที่เหมาะสมต่อการเจริญเติบโตของเซลล์สืบพันธุ์ และสนับสนุนกระบวนการทางชีวภาพที่สำคัญต่อสุขภาพการสืบพันธุ์.,"**ตุลาคม 2567**

คาดว่าจะเพิ่มขึ้นประมาณ 5% เมื่อเทียบกับ กันยายน 2567 โดยมีแนวโน้มความต้องการที่เพิ่มขึ้นในช่วงต้นเดือน ซึ่งสอดคล้องกับช่วงเริ่มต้นของแผนการดำเนินงานประจำปีของหลายบริษัทในภาคอุตสาหกรรม โดยเฉพาะอย่างยิ่งบริษัทที่เกี่ยวข้องกับการผลิตและการจัดจำหน่ายสินค้าคงคลัง ซึ่งมักจะมีการวางแผนการจัดซื้อเพื่อเตรียมพร้อมสำหรับความต้องการที่คาดการณ์ไว้ในไตรมาสถัดไป นอกจากนี้ การวางแผนงบประมาณขององค์กรหลายแห่งมักจะมีการอนุมัติในช่วงต้นปี ซึ่งส่งผลให้มีการจัดซื้อสินค้าจำเป็นต่างๆ รวมถึงผลิตภัณฑ์เสริมสุขภาพสำหรับน้ำเชื้อ เพื่อรองรับการดำเนินงานที่เพิ่มขึ้นในช่วงครึ่งปีหลัง ความต้องการที่เพิ่มขึ้นนี้ยังเชื่อมโยงกับภาคธุรกิจที่ให้ความสำคัญกับการพัฒนาคุณภาพและประสิทธิภาพในการผลิต ซึ่งผลิตภัณฑ์นี้มีส่วนช่วยในการสนับสนุนกระบวนการทางชีวภาพที่สำคัญ

**พฤศจิกายน 2567**

คาดว่าจะคงที่เมื่อเทียบกับ กันยายน 2567 โดยมีความต้องการที่ค่อนข้างสม่ำเสมอตลอดทั้งเดือน ซึ่งสะท้อนถึงช่วงเวลาที่กิจกรรมทางเศรษฐกิจและภาคอุตสาหกรรมอยู่ในภาวะปกติ โดยบริษัทต่างๆ ส่วนใหญ่ได้ดำเนินการตามแผนการดำเนินงานและงบประมาณที่วางไว้ในช่วงต้นปีแล้ว และมีความต้องการผลิตภัณฑ์เสริมสุขภาพสำหรับน้ำเชื้ออย่างต่อเนื่องเพื่อสนับสนุนการดำเนินงานประจำวันของห้องปฏิบัติการทางการแพทย์และสถานพยาบาลต่างๆ นอกจากนี้ การวางแผนการผลิตและการดำเนินงานของบริษัทค้าปลีกและค้าส่งยังคงมีความต่อเนื่อง ซึ่งส่งผลให้มีความต้องการผลิตภัณฑ์นี้ในระดับที่ใกล้เคียงกับช่วงก่อนหน้า อย่างไรก็ตาม อาจมีการปรับเปลี่ยนเล็กน้อยตามความต้องการเฉพาะของแต่ละธุรกิจและแผนการดำเนินงานที่เปลี่ยนแปลงไป

**ธันวาคม 2567**

คาดว่าจะลดลงเล็กน้อยประมาณ 2% เมื่อเทียบกับ กันยายน 2567 ซึ่งเป็นไปตามแนวโน้มปกติในช่วงปลายปี เนื่องจากหลายบริษัทอาจมีการปรับลดงบประมาณหรือชะลอการลงทุนบางส่วนในช่วงสิ้นปี นอกจากนี้ การวางแผนการดำเนินงานประจำปีของหลายภาคส่วนอาจจะสิ้นสุดลง ทำให้ความต้องการผลิตภัณฑ์เสริมสุขภาพสำหรับน้ำเชื้อลดลงบ้างเล็กน้อย อย่างไรก็ตาม ภาคธุรกิจที่เกี่ยวข้องกับการวิจัยและพัฒนาทางการแพทย์และธุรกิจที่เน้นการผลิตเพื่อการค้ายังคงมีความต้องการผลิตภัณฑ์นี้อย่างต่อเนื่องเพื่อสนับสนุนการพัฒนาผลิตภัณฑ์และกระบวนการผลิตใหม่ๆ การลดลงเล็กน้อยนี้เป็นไปตามวงจรการจัดซื้อและการดำเนินงานของธุรกิจที่มักจะมีการปรับลดความต้องการในช่วงท้ายปี เพื่อเตรียมพร้อมสำหรับปีใหม่และแผนการดำเนินงานในปีถัดไป"
2024-09-30 00:00:00.000 +0700,Laminator,เครื่องเคลือบเอกสาร,Intermittent,"เครื่องเคลือบเอกสารรุ่นนี้เหมาะสำหรับใช้งานในสำนักงานและภาคอุตสาหกรรม ช่วยปกป้องเอกสารสำคัญจากความเสียหาย เช่น รอยเปื้อน รอยยับ และการสึกหรอ ทำให้เอกสารมีความทนทานและใช้งานได้ยาวนานขึ้น ด้วยการเคลือบที่เรียบเนียนและสวยงาม เหมาะสำหรับการใช้งานทั่วไปและการจัดเก็บเอกสารระยะยาว
","ตุลาคม 2567 คาดว่าจะเพิ่มขึ้นประมาณ 2% เมื่อเทียบกับเดือนกันยายน 2567 เนื่องจากธุรกิจค้าปลีกและอุตสาหกรรมหลายแห่งเริ่มวางแผนงบประมาณและโครงการสำหรับไตรมาสที่สี่ ซึ่งส่งผลให้มีความต้องการเครื่องเคลือบเอกสารเพิ่มขึ้นเพื่อรองรับการจัดการเอกสารที่เพิ่มขึ้นในช่วงปลายปี นอกจากนี้ การวางแผนการผลิตและกระบวนการทำงานของบริษัทผลิตอาหารและสินค้าอุปโภคบริโภคก็มีแนวโน้มที่จะเพิ่มการสั่งซื้อเครื่องเคลือบเอกสารเพื่อใช้ในสำนักงานและโรงงาน โดยเฉพาะอย่างยิ่งบริษัทค้าปลีกขนาดใหญ่มักจะมีการสั่งซื้อสินค้าจำนวนมากในช่วงนี้เพื่อเตรียมพร้อมสำหรับช่วงเทศกาลและฤดูกาลต่างๆ

พฤศจิกายน 2567 คาดว่าจะคงที่เมื่อเทียบกับเดือนกันยายน 2567 โดยได้รับอิทธิพลจากช่วงเวลาที่ธุรกิจส่วนใหญ่เริ่มทยอยดำเนินการตามแผนงานที่วางไว้ในไตรมาสที่สี่ และยังคงมีการดำเนินงานตามปกติ โดยเฉพาะอย่างยิ่งภาคธุรกิจบริการและบริษัทเทคโนโลยีมีแนวโน้มที่จะมีความต้องการเครื่องเคลือบเอกสารอย่างต่อเนื่องเพื่อใช้ในการจัดการเอกสารภายในองค์กรและสนับสนุนการทำงานของพนักงาน นอกจากนี้ การวางแผนการดำเนินงานของบริษัทค้าส่งและค้าปลีกก็ยังคงมีความต่อเนื่อง โดยมีการสั่งซื้อเพื่อเติมสต็อกสินค้าอย่างสม่ำเสมอ

ธันวาคม 2567 คาดว่าจะลดลงประมาณ 1% เมื่อเทียบกับเดือนกันยายน 2567 เนื่องจากเป็นช่วงสิ้นปี ทำให้หลายธุรกิจมีการปรับลดงบประมาณและลดการสั่งซื้อที่ไม่จำเป็น อย่างไรก็ตาม ภาคธุรกิจการเงินและธุรกิจที่เกี่ยวข้องกับการลงทุนอาจยังคงมีความต้องการเครื่องเคลือบเอกสารในระดับหนึ่งเพื่อใช้ในการจัดการเอกสารทางการเงินและสัญญาต่างๆ นอกจากนี้ บริษัทที่ดำเนินธุรกิจด้านการศึกษาและหน่วยงานราชการบางแห่งก็อาจมีการสั่งซื้อเพื่อเตรียมพร้อมสำหรับปีงบประมาณใหม่ ซึ่งส่งผลให้มีความต้องการเครื่องเคลือบเอกสารในระดับที่ลดลงเล็กน้อยเมื่อเทียบกับช่วงก่อนหน้า"
2024-09-30 00:00:00.000 +0700,Bench Grinders,เครื่องเจียร์,Intermittent,"เครื่องเจียร์ คือเครื่องมือขัดและลับคมสำหรับงานขัดเงา, ตัด, และปรับแต่งชิ้นงานได้อย่างแม่นยำ เหมาะอย่างยิ่งสำหรับโรงงานอุตสาหกรรมและผู้ที่ต้องการเครื่องมือที่มีประสิทธิภาพสูงในการใช้งานต่อเนื่อง มั่นใจได้ถึงคุณภาพและความทนทานในการใช้งานหนัก.","ตุลาคม 2567
คาดว่าจะเพิ่มขึ้นประมาณ 5% เมื่อเทียบกับ September 2567 โดยแนวโน้มความต้องการในช่วงต้นเดือนจะยังคงอยู่ในระดับที่ใกล้เคียงกับช่วงเดียวกันของปีที่แล้ว เนื่องจากหลายบริษัทกำลังวางแผนงบประมาณและโครงการสำหรับไตรมาสที่สี่ อย่างไรก็ตาม คาดว่าความต้องการจะเพิ่มขึ้นในช่วงปลายเดือน เนื่องจากการดำเนินงานของภาคอุตสาหกรรมเริ่มกลับมาเต็มที่หลังช่วงวันหยุดยาว และมีการเร่งดำเนินการโครงการต่างๆ เพื่อให้ทันตามเป้าหมายปลายปี นอกจากนี้ ธุรกิจที่เกี่ยวข้องกับการผลิตและการประกอบชิ้นส่วนอิเล็กทรอนิกส์คาดว่าจะมีความต้องการสูงขึ้นตามการส่งออกที่เติบโตต่อเนื่อง

พฤศจิกายน 2567
คาดว่าจะคงที่เมื่อเทียบกับ September 2567 โดยความต้องการจะยังคงอยู่ในระดับปานกลาง เนื่องจากเป็นช่วงที่หลายบริษัทได้ดำเนินการตามแผนงานที่วางไว้ในช่วงไตรมาสที่สาม และยังไม่มีปัจจัยใหม่ๆ ที่จะส่งผลกระทบต่อความต้องการอย่างมีนัยสำคัญ อย่างไรก็ตาม ธุรกิจที่เกี่ยวข้องกับการผลิตสินค้าอุปโภคบริโภคและอาหารคาดว่าจะมีความต้องการที่สม่ำเสมอ เนื่องจากเป็นธุรกิจที่มีการสั่งซื้ออย่างต่อเนื่องเพื่อรองรับการผลิตและจัดจำหน่าย นอกจากนี้ ภาคการค้าปลีกและค้าส่งยังคงมีความต้องการเครื่องมือขัดและลับคมสำหรับการบำรุงรักษาและปรับปรุงสินค้าคงคลัง

ธันวาคม 2567
คาดว่าจะลดลงเล็กน้อยประมาณ 2% เมื่อเทียบกับ September 2567 เนื่องจากเป็นช่วงท้ายปี หลายบริษัทอาจมีการชะลอการดำเนินโครงการที่ไม่เร่งด่วนเพื่อเตรียมพร้อมสำหรับการปิดบัญชีประจำปี และมีการปรับลดงบประมาณบางส่วน อย่างไรก็ตาม ธุรกิจที่เกี่ยวข้องกับการผลิตยานยนต์และชิ้นส่วนยานยนต์คาดว่าจะยังคงมีความต้องการในระดับหนึ่ง เนื่องจากยังคงมีการผลิตเพื่อส่งออกและตอบสนองความต้องการของตลาดโลก นอกจากนี้ ภาคการก่อสร้างและอสังหาริมทรัพย์ยังคงมีความต้องการเครื่องมือขัดและลับคมสำหรับการตกแต่งและบำรุงรักษาอาคารต่างๆ"
2024-09-30 00:00:00.000 +0700,Air Conditioning Installation Or Maintenance Or Repair Service,เดินท่อน้ำยาแอร์,Intermittent,"เดินท่อน้ำยาแอร์ เป็นบริการติดตั้ง, บำรุงรักษา, และซ่อมแซมระบบปรับอากาศสำหรับภาคอุตสาหกรรมและสำนักงาน บริการของเราครอบคลุมการเดินท่อน้ำยาแอร์อย่างครบวงจร เพื่อประสิทธิภาพสูงสุดของระบบปรับอากาศ ลดปัญหาการรั่วไหล และยืดอายุการใช้งานของเครื่องปรับอากาศในพื้นที่ใช้งานของคุณ ด้วยทีมช่างผู้เชี่ยวชาญและอุปกรณ์ทันสมัย เราพร้อมดูแลระบบปรับอากาศของคุณให้ทำงานได้อย่างราบรื่นและมีประสิทธิภาพ

**Field Classification:** Industrial/Office (Applicable to both industrial and office air conditioning systems)
","**ตุลาคม 2567**

คาดว่าจะเพิ่มขึ้นประมาณ 2% เมื่อเทียบกับ September 2567 เนื่องจากธุรกิจภาคอุตสาหกรรมและสำนักงานเริ่มทยอยวางแผนงบประมาณประจำปี และดำเนินการบำรุงรักษาระบบปรับอากาศเพื่อรองรับสภาพอากาศที่เริ่มเปลี่ยนแปลง โดยเฉพาะอย่างยิ่งในกลุ่มโรงงานผลิตและอาคารสำนักงานขนาดใหญ่ที่มักจะมีการวางแผนการซ่อมบำรุงเป็นประจำ นอกจากนี้ การเริ่มต้นโครงการก่อสร้างใหม่ในบางพื้นที่ยังส่งผลให้มีความต้องการบริการเดินท่อน้ำยาแอร์เพิ่มขึ้นเล็กน้อย ซึ่งสอดคล้องกับแนวโน้มการวางแผนการลงทุนในโครงสร้างพื้นฐานของภาคเอกชน

**พฤศจิกายน 2567**

คาดว่าจะคงที่เมื่อเทียบกับ September 2567 เนื่องจากภาคธุรกิจส่วนใหญ่ได้ดำเนินการวางแผนและบำรุงรักษาระบบปรับอากาศหลักไปแล้ว และเข้าสู่ช่วงของการดำเนินงานตามปกติ อย่างไรก็ตาม ธุรกิจค้าปลีกและธุรกิจบริการขนาดกลางอาจมีความต้องการเพิ่มขึ้นเล็กน้อยในช่วงเทศกาลสำคัญปลายปี ซึ่งส่งผลให้มีการตรวจสอบและปรับปรุงระบบปรับอากาศให้พร้อมสำหรับการรองรับลูกค้าที่เพิ่มขึ้น การดำเนินงานของธุรกิจเหล่านี้มักจะมีการวางแผนการบำรุงรักษาเป็นระยะ เพื่อให้มั่นใจถึงประสิทธิภาพและความพร้อมใช้งานของระบบ

**ธันวาคม 2567**

คาดว่าจะลดลงประมาณ 1% เมื่อเทียบกับ September 2567 เนื่องจากโดยทั่วไปแล้วกิจกรรมทางเศรษฐกิจและภาคอุตสาหกรรมจะชะลอตัวลงในช่วงเทศกาลปีใหม่ และธุรกิจหลายแห่งอาจลดการดำเนินงานหรือพักงานในช่วงวันหยุดยาว อย่างไรก็ตาม ธุรกิจที่เกี่ยวข้องกับการท่องเที่ยวและธุรกิจบริการบางประเภทอาจยังคงมีความต้องการบริการเดินท่อน้ำยาแอร์เพื่อรองรับจำนวนผู้เข้าชมที่เพิ่มขึ้น ซึ่งเป็นลักษณะตามฤดูกาลของธุรกิจเหล่านี้ที่มักจะมีการวางแผนการบำรุงรักษาในช่วงก่อนและหลังเทศกาล"
2024-09-30 00:00:00.000 +0700,File Folder Accessories,ไส้แฟ้ม,Lumpy,,สินค้านี้มีช่วงไม่มีการซื้อสลับกับการซื้อในปริมาณมาก ส่งผลให้ไม่สามารถคาดการณ์ปริมาณความต้องการได้
2024-09-30 00:00:00.000 +0700,Cable Sleeves,ไส้ไก่พันสายไฟ,Lumpy,,สินค้านี้มีช่วงไม่มีการซื้อสลับกับการซื้อในปริมาณมาก ส่งผลให้ไม่สามารถคาดการณ์ปริมาณความต้องการได้
2024-09-28 00:00:00.000 +0700,Other Chemicals,additive,Intermittent,"ผลิตภัณฑ์ ""additive"" ในกลุ่มสารเคมีอื่นๆ นี้ ออกแบบมาเพื่อปรับปรุงคุณสมบัติของวัสดุและกระบวนการทางอุตสาหกรรม ช่วยเพิ่มประสิทธิภาพและความทนทานในหลากหลายการใช้งาน เหมาะสำหรับใช้ในโรงงานอุตสาหกรรมและบริการที่เกี่ยวข้อง เพื่อให้ได้ผลลัพธ์ตามต้องการและตอบโจทย์ความต้องการเฉพาะทาง
","**ตุลาคม 2567**

คาดว่าจะเพิ่มขึ้นประมาณ 15% เมื่อเทียบกับ September 2567 เนื่องจากธุรกิจค้าปลีกและค้าส่งหลายแห่งกำลังเตรียมสต็อกสินค้าสำหรับช่วงเทศกาลและฤดูกาลส่งเสริมการขายที่กำลังจะมาถึง นอกจากนี้ การวางแผนงบประมาณของบริษัทขนาดกลางและขนาดใหญ่มักจะมีการจัดสรรงบประมาณสำหรับโครงการปรับปรุงและบำรุงรักษาในช่วงต้นไตรมาสที่สี่ ซึ่งส่งผลให้ความต้องการผลิตภัณฑ์ปรับปรุงคุณภาพวัสดุเพิ่มสูงขึ้น โดยเฉพาะอย่างยิ่งในกลุ่มอุตสาหกรรมการผลิตและโลจิสติกส์ที่มักจะมีการดำเนินงานที่เข้มข้นในช่วงนี้

**พฤศจิกายน 2567**

คาดว่าจะคงที่เมื่อเทียบกับ September 2567 โดยหลังจากช่วงเทศกาลในเดือนตุลาคม ความต้องการสินค้าจะเริ่มปรับตัวลงเล็กน้อย เนื่องจากบริษัทต่างๆ ได้ดำเนินการจัดซื้อสินค้าที่จำเป็นไปแล้ว อย่างไรก็ตาม ธุรกิจที่เกี่ยวข้องกับการผลิตสินค้าอุปโภคบริโภคและธุรกิจที่เน้นการส่งออกอาจยังคงมีความต้องการผลิตภัณฑ์ปรับปรุงคุณภาพวัสดุอย่างต่อเนื่องเพื่อรองรับการผลิตและบรรจุหีบห่อสินค้าตามกำหนดเวลา นอกจากนี้ การวางแผนการผลิตในระยะกลางของบริษัทต่างๆ ที่มีโครงการต่อเนื่องอาจส่งผลให้มีความต้องการสินค้าในระดับใกล้เคียงกับเดือนก่อนหน้า

**ธันวาคม 2567**

คาดว่าจะลดลงประมาณ 10% เมื่อเทียบกับ September 2567 เนื่องจากโดยทั่วไปแล้ว บริษัทต่างๆ จะลดการสั่งซื้อสินค้าที่ไม่เร่งด่วนก่อนสิ้นปีงบประมาณ และมีการประเมินผลการดำเนินงานของปีที่ผ่านมาเพื่อวางแผนการจัดซื้อในปีถัดไป อย่างไรก็ตาม ธุรกิจที่เกี่ยวข้องกับการบริการและธุรกิจที่เน้นการปรับปรุงประสิทธิภาพการทำงานอาจยังคงมีความต้องการผลิตภัณฑ์ปรับปรุงคุณภาพวัสดุในระดับหนึ่งเพื่อเตรียมความพร้อมสำหรับปีใหม่ นอกจากนี้ การวางแผนโครงการใหม่ๆ ในช่วงต้นปีถัดไปอาจส่งผลให้มีความต้องการสินค้าในระดับที่ต่ำกว่าเดือนธันวาคมปีก่อนหน้า"
2024-09-28 00:00:00.000 +0700,Thermal Cooker,กระติกน้ำร้อน,Intermittent,กระติกน้ำร้อน เหมาะสำหรับใช้งานในภาคอุตสาหกรรมและสำนักงานขนาดใหญ่ ด้วยความจุที่เหมาะสมและประสิทธิภาพในการรักษาอุณหภูมิสูง เหมาะสำหรับการเตรียมน้ำร้อนสำหรับเครื่องดื่มหรือการใช้งานอื่นๆ ช่วยประหยัดเวลาและพลังงานอย่างมีประสิทธิภาพ มั่นใจได้ถึงคุณภาพและความทนทานในการใช้งานต่อเนื่อง.,"ตุลาคม 2567 คาดว่าจะเพิ่มขึ้นประมาณ 2% เมื่อเทียบกับ September 2567 เนื่องจากธุรกิจภาคอุตสาหกรรมและสำนักงานหลายแห่งเริ่มวางแผนงบประมาณและจัดซื้ออุปกรณ์สำนักงานสำหรับไตรมาสสุดท้ายของปี การวางแผนการดำเนินงานและการเตรียมพร้อมสำหรับช่วงเทศกาลสิ้นปีส่งผลให้มีความต้องการกระติกน้ำร้อนเพื่อใช้ในการประชุมและกิจกรรมต่างๆ ภายในองค์กร นอกจากนี้ การเตรียมความพร้อมสำหรับฤดูฝนที่กำลังจะมาถึงยังเป็นปัจจัยสนับสนุนความต้องการในกลุ่มธุรกิจที่เกี่ยวข้องกับการก่อสร้างและบำรุงรักษาอาคาร

พฤศจิกายน 2567 คาดว่าจะคงที่เมื่อเทียบกับ September 2567 โดยมีปัจจัยขับเคลื่อนความต้องการที่ค่อนข้างสม่ำเสมอจากภาคธุรกิจที่ยังคงมีการดำเนินงานตามปกติ การวางแผนการดำเนินงานขององค์กรยังคงอยู่ในช่วงที่มั่นคง โดยมีการจัดซื้ออุปกรณ์สำนักงานอย่างต่อเนื่องเพื่อรองรับการทำงานในระยะยาว นอกจากนี้ การเตรียมตัวสำหรับเทศกาลปีใหม่และการจัดกิจกรรมส่งเสริมการขายในช่วงปลายปีอาจส่งผลให้มีความต้องการกระติกน้ำร้อนเพิ่มขึ้นเล็กน้อยในบางกลุ่มธุรกิจ

ธันวาคม 2567 คาดว่าจะลดลงประมาณ 1% เมื่อเทียบกับ September 2567 เนื่องจากกิจกรรมทางธุรกิจโดยรวมอาจชะลอตัวลงในช่วงปลายปี และการจัดสรรงบประมาณอาจมีการปรับเปลี่ยนไปยังส่วนอื่นๆ การดำเนินงานของหลายภาคส่วนอาจลดความถี่ลงในช่วงเทศกาลปีใหม่ ทำให้ความต้องการกระติกน้ำร้อนเพื่อใช้ในการประชุมและกิจกรรมต่างๆ ลดลงเล็กน้อย อย่างไรก็ตาม ความต้องการในกลุ่มธุรกิจที่เกี่ยวข้องกับการท่องเที่ยวและโรงแรมอาจยังคงมีอยู่เพื่อรองรับนักท่องเที่ยวในช่วงเทศกาล"
2024-09-28 00:00:00.000 +0700,Paper Boxes,ค่าบริการซ่อม flap box,Intermittent,"ค่าบริการซ่อม flap box สำหรับกล่องกระดาษอุตสาหกรรม บริการซ่อมแซมกลไกเปิด-ปิด flap box เพื่อให้กล่องกลับมาใช้งานได้อย่างมีประสิทธิภาพ ลดต้นทุนและยืดอายุการใช้งานของบรรจุภัณฑ์ ช่วยรักษาคุณภาพสินค้าและภาพลักษณ์ขององค์กร เหมาะสำหรับโรงงานอุตสาหกรรมและธุรกิจที่ใช้กล่องกระดาษเป็นหลัก
","ตุลาคม 2567
คาดว่าจะเพิ่มขึ้นประมาณ 2% เมื่อเทียบกับ September 2024 โดยแนวโน้มความต้องการในเดือนตุลาคมคาดว่าจะยังคงอยู่ในระดับที่สูงกว่าช่วงกลางเดือนเนื่องจากธุรกิจที่เกี่ยวข้องกับการผลิตและอุตสาหกรรมยานยนต์เริ่มทยอยดำเนินการตามแผนการผลิตประจำปี นอกจากนี้ ภาคค้าปลีกและโลจิสติกส์ก็มีแนวโน้มที่จะมีความต้องการบริการซ่อมแซมที่เพิ่มขึ้นตามฤดูกาลการส่งมอบสินค้าและสินค้าคงคลังที่เพิ่มขึ้น การวางแผนงบประมาณของบริษัทขนาดกลางและขนาดใหญ่มักจะมีการจัดสรรงบประมาณสำหรับค่าบำรุงรักษาและซ่อมแซมในช่วงไตรมาสสุดท้ายของปี ซึ่งส่งผลให้มีความต้องการบริการนี้เพิ่มขึ้น

พฤศจิกายน 2567
คาดว่าจะคงที่เมื่อเทียบกับ September 2024 โดยหลังจากช่วงความต้องการที่สูงขึ้นในเดือนตุลาคม ความต้องการในเดือนพฤศจิกายนมีแนวโน้มที่จะทรงตัว เนื่องจากธุรกิจส่วนใหญ่ได้ดำเนินการตามแผนการผลิตและส่งมอบสินค้าหลักไปแล้ว อย่างไรก็ตาม ภาคอุตสาหกรรมอาหารและเครื่องดื่มอาจยังคงมีความต้องการบริการซ่อมแซมอย่างต่อเนื่องเพื่อรองรับการผลิตและการบรรจุหีบห่อสินค้าในช่วงเทศกาลปีใหม่ นอกจากนี้ ธุรกิจค้าปลีกบางแห่งอาจมีการเตรียมความพร้อมสำหรับโปรโมชั่นและกิจกรรมส่งเสริมการขายในช่วงปลายปี ซึ่งอาจส่งผลให้มีความต้องการบริการซ่อมแซมเพิ่มขึ้นเล็กน้อยแต่ไม่มากนัก

ธันวาคม 2567
คาดว่าจะลดลงประมาณ 1% เมื่อเทียบกับ September 2024 โดยหลังจากช่วงความต้องการที่ทรงตัวในเดือนพฤศจิกายน ความต้องการในเดือนธันวาคมมีแนวโน้มที่จะลดลงเล็กน้อย เนื่องจากธุรกิจหลายแห่งเริ่มลดระดับการผลิตและดำเนินงานเพื่อเตรียมตัวสำหรับช่วงวันหยุดยาวและปีใหม่ นอกจากนี้ ภาคการผลิตอาจมีการลดรอบการผลิตเพื่อลดสินค้าคงคลังก่อนสิ้นปี และธุรกิจค้าปลีกอาจมีการลดกิจกรรมส่งเสริมการขายหลังเทศกาลปีใหม่ อย่างไรก็ตาม ธุรกิจที่เกี่ยวข้องกับการขนส่งและโลจิสติกส์อาจยังคงมีความต้องการบริการซ่อมแซมเพื่อรองรับการขนส่งสินค้าในช่วงเทศกาล"
2024-09-28 00:00:00.000 +0700,Chest Freezers,ตู้เตรียม,Intermittent,"ตู้เตรียม เป็นตู้แช่แข็งสำหรับใช้งานในภาคอุตสาหกรรมและธุรกิจ เหมาะสำหรับจัดเก็บวัตถุดิบหรือสินค้าคงคลังจำนวนมาก รักษาอุณหภูมิได้อย่างแม่นยำ คงความสดใหม่ได้ยาวนาน ช่วยเพิ่มประสิทธิภาพในการจัดการสินค้าและลดความสูญเสีย เหมาะสำหรับโรงงาน, คลังสินค้า หรือห้องเย็นขนาดเล็ก.","**ตุลาคม 2567**

คาดว่าจะเพิ่มขึ้นประมาณ 5% เมื่อเทียบกับ September 2567 โดยมีแนวโน้มความต้องการที่เพิ่มขึ้นในช่วงต้นเดือนเนื่องจากหลายบริษัทกำลังวางแผนงบประมาณและโครงการสำหรับไตรมาสที่สี่ นอกจากนี้ การเตรียมพร้อมสำหรับเทศกาลและฤดูกาลธุรกิจที่กำลังจะมาถึงยังเป็นปัจจัยสนับสนุนความต้องการที่สูงขึ้น โดยเฉพาะอย่างยิ่งจากกลุ่มธุรกิจค้าปลีกและธุรกิจที่เกี่ยวข้องกับการผลิตอาหารและเครื่องดื่ม ซึ่งมักจะมีการสั่งซื้อสินค้าคงคลังเพิ่มขึ้นในช่วงนี้เพื่อรองรับปริมาณการขายที่คาดว่าจะสูงขึ้น การวางแผนการผลิตและการจัดจำหน่ายของบริษัทในภาคอุตสาหกรรมต่างๆ ก็มีส่วนสำคัญในการขับเคลื่อนความต้องการในช่วงนี้เช่นกัน

**พฤศจิกายน 2567**

คาดว่าจะคงที่เมื่อเทียบกับ September 2567 โดยหลังจากช่วงเริ่มต้นที่ค่อนข้างแข็งแกร่งในเดือนตุลาคม ความต้องการคาดว่าจะทรงตัวในเดือนพฤศจิกายน เนื่องจากบริษัทส่วนใหญ่ได้ดำเนินการตามแผนการจัดซื้อในช่วงต้นฤดูใบไม้ร่วงแล้ว อย่างไรก็ตาม ยังคงมีความต้องการในระดับหนึ่งจากกลุ่มธุรกิจที่เกี่ยวข้องกับการเตรียมอาหารและเครื่องดื่มสำหรับเทศกาลสำคัญต่างๆ ที่กำลังจะมาถึง ทำให้มีความต้องการสินค้าคงคลังที่ต่อเนื่อง นอกจากนี้ การวางแผนการดำเนินงานของธุรกิจค้าปลีกสำหรับช่วงเทศกาลปีใหม่ก็อาจส่งผลให้มีความต้องการเพิ่มขึ้นเล็กน้อยในช่วงปลายเดือน

**ธันวาคม 2567**

คาดว่าจะเพิ่มขึ้นประมาณ 8% เมื่อเทียบกับ September 2567 โดยมีความต้องการที่สูงขึ้นอย่างเห็นได้ชัดในช่วงปลายปี เนื่องจากเป็นช่วงที่มีการดำเนินงานและกิจกรรมทางธุรกิจที่คึกคัก โดยเฉพาะอย่างยิ่งในกลุ่มธุรกิจค้าปลีกและธุรกิจที่เกี่ยวข้องกับการจัดงานเลี้ยงและกิจกรรมเฉลิมฉลองต่างๆ นอกจากนี้ การเตรียมพร้อมสำหรับปีใหม่และฤดูกาลท่องเที่ยวก็เป็นปัจจัยสำคัญที่ส่งผลให้มีความต้องการตู้เตรียมเพิ่มขึ้นอย่างมีนัยสำคัญ กลุ่มธุรกิจโรงแรม ร้านอาหาร และธุรกิจที่เกี่ยวข้องกับการบริการจึงเป็นผู้ซื้อหลักในช่วงนี้ การสั่งซื้อสินค้าคงคลังล่วงหน้าเพื่อรองรับความต้องการที่เพิ่มขึ้นในช่วงเทศกาลเป็นปัจจัยขับเคลื่อนหลักของแนวโน้มความต้องการในเดือนธันวาคม"
2024-09-28 00:00:00.000 +0700,Post Office Box Services,บริการส่งเหรียญ,Intermittent,บริการส่งเหรียญจากที่ทำการไปรษณีย์ อำนวยความสะดวกในการจัดส่งเหรียญจำนวนมากสำหรับธุรกิจและองค์กรต่างๆ อย่างปลอดภัยและมีประสิทธิภาพ บริการนี้ช่วยลดภาระค่าใช้จ่ายและเวลาในการจัดการเหรียญ เหมาะสำหรับธนาคาร ร้านค้าปลีก หรือหน่วยงานที่ต้องการส่งเหรียญเป็นจำนวนมากอย่างสม่ำเสมอ.,"**ตุลาคม 2567**
คาดว่าจะเพิ่มขึ้นประมาณ 5% เมื่อเทียบกับ September 2567 โดยแนวโน้มความต้องการในเดือนตุลาคมคาดว่าจะยังคงอยู่ในระดับที่สูงขึ้นเล็กน้อยเมื่อเทียบกับช่วงกลางเดือนกันยายน ซึ่งสอดคล้องกับช่วงเริ่มต้นของไตรมาสใหม่ที่หลายองค์กรมีการวางแผนงบประมาณและโครงการใหม่ๆ ทำให้มีความต้องการในการจัดส่งเหรียญเพื่อรองรับการดำเนินงานที่เพิ่มขึ้น โดยเฉพาะอย่างยิ่งในภาคธุรกิจค้าปลีกและธุรกิจบริการที่มักมีการจัดการเงินสดในปริมาณมาก นอกจากนี้ การวางแผนการจัดการกระแสเงินสดสำหรับธุรกิจขนาดกลางและขนาดใหญ่ รวมถึงการเตรียมพร้อมสำหรับกิจกรรมส่งเสริมการขายต่างๆ ในช่วงปลายปี ก็เป็นปัจจัยสนับสนุนให้มีความต้องการบริการส่งเหรียญเพิ่มขึ้น

**พฤศจิกายน 2567**
คาดว่าจะคงที่เมื่อเทียบกับ September 2567 โดยแนวโน้มความต้องการในเดือนพฤศจิกายนคาดว่าจะยังคงทรงตัวใกล้เคียงกับระดับในเดือนกันยายน เนื่องจากเป็นช่วงเวลาที่ธุรกิจส่วนใหญ่อยู่ในช่วงดำเนินงานตามแผนและยังไม่มีปัจจัยกระตุ้นหรือปัจจัยที่ส่งผลกระทบต่อความต้องการบริการส่งเหรียญอย่างมีนัยสำคัญ อย่างไรก็ตาม ภาคธุรกิจค้าปลีกขนาดใหญ่และธุรกิจที่มีการดำเนินงานประจำ อาจมีการสั่งซื้อเหรียญเพื่อสำรองหรือเพื่อเตรียมพร้อมสำหรับการดำเนินงานในช่วงเทศกาลสำคัญที่กำลังจะมาถึง ซึ่งส่งผลให้ความต้องการในเดือนนี้ยังคงอยู่ในระดับที่ค่อนข้างสม่ำเสมอ โดยเฉพาะอย่างยิ่งสำหรับธุรกิจที่เกี่ยวข้องกับการเงินและการธนาคาร

**ธันวาคม 2567**
คาดว่าจะลดลงประมาณ 2% เมื่อเทียบกับ September 2567 โดยแนวโน้มความต้องการในเดือนธันวาคมคาดว่าจะลดลงเล็กน้อยเมื่อเทียบกับเดือนพฤศจิกายน ซึ่งอาจเป็นผลมาจากช่วงสิ้นปีที่หลายองค์กรอาจมีการปรับลดงบประมาณหรือชะลอการลงทุนบางส่วน นอกจากนี้ ธุรกิจค้าปลีกและธุรกิจบริการบางประเภทอาจมีการลดความถี่ในการจัดการเงินสดเพื่อเตรียมพร้อมสำหรับการปิดบัญชีประจำปี อย่างไรก็ตาม ธุรกิจที่มีการดำเนินงานต่อเนื่องและธุรกิจที่เกี่ยวข้องกับการเงินยังคงมีความต้องการบริการส่งเหรียญอย่างต่อเนื่องเพื่อรองรับการดำเนินงานประจำวันและการจัดการกระแสเงินสด ซึ่งเป็นปัจจัยหลักที่ทำให้ความต้องการในเดือนธันวาคมยังคงอยู่ในระดับที่ต่ำกว่าช่วงไตรมาสแรกเล็กน้อย"
2024-09-28 00:00:00.000 +0700,Chicken,ยอไก่ยอ,Intermittent,"ยอไก่ยอ เป็นผลิตภัณฑ์จากเนื้อไก่คุณภาพเยี่ยม เหมาะสำหรับเป็นส่วนประกอบในอาหารแปรรูป หรือเป็นวัตถุดิบสำหรับธุรกิจอาหารและอุตสาหกรรมอาหาร สามารถนำไปประยุกต์ใช้ได้หลากหลายเมนู ช่วยเพิ่มรสชาติและคุณค่าทางโภชนาการให้กับผลิตภัณฑ์ได้อย่างลงตัว ด้วยคุณภาพและความคงทนจึงเป็นที่นิยมในตลาดอุตสาหกรรม
","**ตุลาคม 2567**

คาดว่าจะเพิ่มขึ้นประมาณ 3% เมื่อเทียบกับ กันยายน 2567 โดยคาดการณ์ว่าความต้องการจะยังคงอยู่ในระดับที่ค่อนข้างคงที่ในช่วงต้นเดือน ก่อนที่จะมีการเพิ่มขึ้นเล็กน้อยในช่วงกลางเดือน ซึ่งสอดคล้องกับช่วงเวลาที่ธุรกิจต่างๆ เริ่มวางแผนงบประมาณสำหรับไตรมาสถัดไป และมีการเตรียมวัตถุดิบสำหรับโครงการต่างๆ ที่กำลังจะเริ่มต้น นอกจากนี้ ภาคอุตสาหกรรมการผลิตและธุรกิจค้าส่งที่มีการวางแผนการสั่งซื้อล่วงหน้าตามรอบการผลิตและสต็อกสินค้า น่าจะเป็นปัจจัยสำคัญที่ขับเคลื่อนให้เกิดการเติบโตของความต้องการในเดือนนี้

ในเดือนพฤศจิกายน 2567 คาดว่าจะคงที่เมื่อเทียบกับ กันยายน 2567 เนื่องจากโดยทั่วไปแล้ว ธุรกิจส่วนใหญ่จะเข้าสู่ช่วงการดำเนินงานตามปกติหลังจากการวางแผนงบประมาณและการสั่งซื้อในเดือนตุลาคม ซึ่งหมายความว่าความต้องการผลิตภัณฑ์ยอไก่ยอจะยังคงมีความสม่ำเสมอ โดยเฉพาะอย่างยิ่งในกลุ่มธุรกิจอาหารแปรรูปและผู้ค้าส่งที่มักจะมีการสั่งซื้ออย่างต่อเนื่องเพื่อตอบสนองความต้องการของลูกค้า นอกจากนี้ การเตรียมสินค้าสำหรับเทศกาลและช่วงปลายปีของธุรกิจค้าปลีกบางประเภทอาจส่งผลให้มีความต้องการเพิ่มขึ้นเล็กน้อยในช่วงท้ายเดือน

สำหรับเดือนธันวาคม 2567 คาดว่าจะลดลงประมาณ 2% เมื่อเทียบกับ กันยายน 2567 ซึ่งเป็นไปตามแนวโน้มที่ความต้องการผลิตภัณฑ์ประเภทนี้มักจะลดลงในช่วงสิ้นปี เนื่องจากธุรกิจต่างๆ อาจมีการปรับลดสต็อกสินค้าเพื่อเตรียมพร้อมสำหรับปีใหม่ หรือมีการชะลอการดำเนินโครงการต่างๆ ที่อาจส่งผลกระทบต่อความต้องการวัตถุดิบ อย่างไรก็ตาม ธุรกิจอาหารและผู้ค้าส่งบางรายอาจยังคงมีการสั่งซื้อเพื่อเตรียมพร้อมสำหรับความต้องการในช่วงต้นปีถัดไป"
2024-09-28 00:00:00.000 +0700,Healthcare Supplements,สารเลี้ยงน้ำเชื้อ,Intermittent,สารเลี้ยงน้ำเชื้อ เป็นผลิตภัณฑ์เสริมสุขภาพที่ออกแบบมาเพื่อส่งเสริมและบำรุงรักษาคุณภาพน้ำเชื้อ เหมาะสำหรับใช้ในสถานพยาบาลหรือห้องปฏิบัติการที่เกี่ยวข้องกับการผลิตสืบพันธุ์ ช่วยเสริมสร้างสภาพแวดล้อมที่เหมาะสมต่อการเจริญเติบโตของเซลล์สืบพันธุ์ และสนับสนุนกระบวนการทางชีวภาพที่สำคัญต่อสุขภาพการสืบพันธุ์.,"ตุลาคม 2567 คาดว่าจะเพิ่มขึ้นประมาณ 5% เมื่อเทียบกับ กันยายน 2567 โดยมีแนวโน้มความต้องการที่เพิ่มขึ้นในช่วงต้นเดือนเนื่องจากหลายบริษัทกำลังวางแผนงบประมาณและโครงการสำหรับไตรมาสที่สี่ นอกจากนี้ ยังมีการเตรียมความพร้อมสำหรับกิจกรรมทางการตลาดและส่งเสริมการขายที่คาดว่าจะเกิดขึ้นในช่วงปลายเดือน ซึ่งส่งผลให้มีความต้องการผลิตภัณฑ์เพิ่มขึ้นเพื่อรองรับกิจกรรมเหล่านี้ โดยเฉพาะอย่างยิ่งบริษัทที่ดำเนินธุรกิจด้านการเกษตรและอาหาร รวมถึงผู้ประกอบการในอุตสาหกรรมที่เกี่ยวข้องกับการผลิตและจัดจำหน่ายสินค้าอุปโภคบริโภคมีแนวโน้มที่จะมีความต้องการผลิตภัณฑ์นี้เพิ่มขึ้นเพื่อสนับสนุนการขยายธุรกิจและการเพิ่มประสิทธิภาพการผลิต

พฤศจิกายน 2567 คาดว่าจะคงที่เมื่อเทียบกับ กันยายน 2567 โดยมีความต้องการที่ค่อนข้างสม่ำเสมอตลอดทั้งเดือน เนื่องจากบริษัทส่วนใหญ่ได้ดำเนินการตามแผนธุรกิจและงบประมาณที่วางไว้ในช่วงไตรมาสที่สี่แล้ว อย่างไรก็ตาม อาจมีความต้องการเพิ่มขึ้นเล็กน้อยในช่วงกลางเดือนเนื่องจากบางบริษัทกำลังเตรียมการสำหรับช่วงเทศกาลปีใหม่ ซึ่งส่งผลให้มีความต้องการผลิตภัณฑ์สำหรับใช้ในการดำเนินงานและกิจกรรมส่งเสริมความสัมพันธ์กับลูกค้า โดยเฉพาะอย่างยิ่งธุรกิจค้าปลีกและธุรกิจที่เกี่ยวข้องกับการบริการมีแนวโน้มที่จะมีความต้องการผลิตภัณฑ์นี้อย่างต่อเนื่องเพื่อรองรับการดำเนินงานและการตลาดในช่วงเทศกาล

ธันวาคม 2567 คาดว่าจะลดลงประมาณ 2% เมื่อเทียบกับ กันยายน 2567 โดยมีความต้องการที่ลดลงเล็กน้อยในช่วงปลายเดือนเนื่องจากบริษัทหลายแห่งเริ่มลดกิจกรรมทางธุรกิจเพื่อเตรียมพร้อมสำหรับวันหยุดยาวและปิดทำการในช่วงปีใหม่ อย่างไรก็ตาม ความต้องการในเดือนธันวาคมยังคงมีอยู่เนื่องจากบางบริษัทอาจมีการสั่งซื้อล่วงหน้าเพื่อรองรับความต้องการในช่วงต้นปีถัดไป โดยเฉพาะอย่างยิ่งบริษัทที่ดำเนินธุรกิจด้านเทคโนโลยีและธุรกิจที่เกี่ยวข้องกับการให้บริการดิจิทัลอาจยังคงมีความต้องการผลิตภัณฑ์นี้เพื่อสนับสนุนการดำเนินงานและการพัฒนาโครงการต่างๆ"
2024-09-28 00:00:00.000 +0700,Laminator,เครื่องเคลือบเอกสาร,Intermittent,"เครื่องเคลือบเอกสารรุ่นนี้เหมาะสำหรับใช้งานในสำนักงานและภาคอุตสาหกรรม ช่วยปกป้องเอกสารสำคัญจากความเสียหาย เช่น รอยเปื้อน รอยยับ และการสึกหรอ ทำให้เอกสารมีความทนทานและใช้งานได้ยาวนานขึ้น ด้วยการเคลือบที่เรียบเนียนและสวยงาม เหมาะสำหรับการใช้งานทั่วไปและการจัดเก็บเอกสารระยะยาว
","ตุลาคม 2567 คาดว่าจะเพิ่มขึ้นประมาณ 2% เมื่อเทียบกับ กันยายน 2567 โดยแนวโน้มความต้องการในช่วงต้นเดือนยังคงอยู่ในระดับใกล้เคียงกับช่วงเดียวกันของปีที่แล้ว ซึ่งเป็นผลมาจากแผนการดำเนินงานของหลายภาคอุตสาหกรรมที่เริ่มทยอยดำเนินการหลังจากช่วงวันหยุดยาว นอกจากนี้ การวางแผนงบประมาณขององค์กรหลายแห่งสำหรับไตรมาสถัดไปก็ส่งผลให้มีความต้องการผลิตภัณฑ์ประเภทนี้เพิ่มขึ้นเล็กน้อย โดยเฉพาะอย่างยิ่งจากกลุ่มบริษัทที่ดำเนินธุรกิจการผลิตและค้าส่ง ซึ่งมักจะมีการจัดซื้อเพื่อเตรียมความพร้อมสำหรับสต็อกสินค้าและกิจกรรมทางการตลาดในช่วงปลายปี

พฤศจิกายน 2567 คาดว่าจะคงที่เมื่อเทียบกับ กันยายน 2567 เนื่องจากกิจกรรมทางเศรษฐกิจโดยรวมยังคงอยู่ในระดับปกติ แม้ว่าในช่วงปลายเดือนจะมีความต้องการเพิ่มขึ้นเล็กน้อยจากกลุ่มธุรกิจบริการและการศึกษาที่เริ่มมีการวางแผนงบประมาณสำหรับโครงการและกิจกรรมต่างๆ ในช่วงเทศกาลสำคัญ นอกจากนี้ การดำเนินงานของบริษัทค้าปลีกขนาดใหญ่มักจะมีการจัดซื้ออุปกรณ์สำนักงานเพิ่มเติมในช่วงนี้เพื่อรองรับความต้องการของลูกค้าและพนักงาน ซึ่งส่งผลให้มีความต้องการผลิตภัณฑ์ประเภทนี้อยู่ในระดับที่ค่อนข้างสม่ำเสมอ

ธันวาคม 2567 คาดว่าจะลดลงประมาณ 1% เมื่อเทียบกับ กันยายน 2567 โดยความต้องการในช่วงปลายปีมักจะลดลงเล็กน้อย เนื่องจากหลายองค์กรอาจมีการปรับลดงบประมาณหรือชะลอการลงทุนในช่วงก่อนสิ้นปี นอกจากนี้ การดำเนินงานของภาคธุรกิจบางประเภทอาจชะลอตัวลงในช่วงเทศกาลวันหยุดยาว ทำให้ความต้องการผลิตภัณฑ์ประเภทนี้ลดลงบ้าง อย่างไรก็ตาม ความต้องการจากกลุ่มธุรกิจที่เกี่ยวข้องกับการจัดเก็บเอกสารและการบริหารจัดการข้อมูลยังคงอยู่ในระดับที่มั่นคง"
2024-09-28 00:00:00.000 +0700,Bench Grinders,เครื่องเจียร์,Intermittent,"เครื่องเจียร์ คือเครื่องมือขัดและลับคมสำหรับงานขัดเงา, ตัด, และปรับแต่งชิ้นงานได้อย่างแม่นยำ เหมาะอย่างยิ่งสำหรับโรงงานอุตสาหกรรมและผู้ที่ต้องการเครื่องมือที่มีประสิทธิภาพสูงในการใช้งานต่อเนื่อง มั่นใจได้ถึงคุณภาพและความทนทานในการใช้งานหนัก.","ตุลาคม 2567
คาดว่าจะเพิ่มขึ้นประมาณ 5% เมื่อเทียบกับ September 2024 โดยแนวโน้มความต้องการในเดือนตุลาคมมีแนวโน้มเพิ่มขึ้นต่อเนื่องจากแนวโน้มในเดือนกันยายน ซึ่งสอดคล้องกับช่วงเริ่มต้นของปีงบประมาณของหลายบริษัทในภาคการผลิตและอุตสาหกรรม การวางแผนโครงการใหม่และการบำรุงรักษาเชิงป้องกันในภาคการขนส่งและโลจิสติกส์เป็นปัจจัยขับเคลื่อนสำคัญที่คาดว่าจะเพิ่มความต้องการเครื่องเจียร์ นอกจากนี้ การเตรียมความพร้อมสำหรับกิจกรรมส่งเสริมการขายและโปรโมชั่นในช่วงปลายปีของธุรกิจค้าปลีกและค้าส่งบางรายยังส่งผลให้มีความต้องการเครื่องมือขัดเงาและปรับแต่งชิ้นงานเพิ่มขึ้น

พฤศจิกายน 2567
คาดว่าจะคงที่เมื่อเทียบกับ September 2024 โดยหลังจากช่วงการเติบโตในเดือนตุลาคม ความต้องการเครื่องเจียร์ในเดือนพฤศจิกายนมีแนวโน้มที่จะทรงตัว เนื่องจากบริษัทส่วนใหญ่ได้ดำเนินการตามแผนการผลิตและโครงการต่างๆ ในช่วงต้นปีแล้ว อย่างไรก็ตาม ภาคอุตสาหกรรมการผลิตอิเล็กทรอนิกส์และยานยนต์ยังคงมีความต้องการเครื่องมือขัดเงาและปรับแต่งชิ้นงานอย่างต่อเนื่องเพื่อรองรับการผลิตสินค้าใหม่และการปรับปรุงคุณภาพสินค้าที่มีอยู่ นอกจากนี้ การวางแผนการลงทุนและงบประมาณขององค์กรในช่วงไตรมาสสุดท้ายของปีอาจส่งผลต่อความต้องการในเดือนนี้ได้บ้าง

ธันวาคม 2567
คาดว่าจะลดลงประมาณ 2% เมื่อเทียบกับ September 2024 โดยความต้องการเครื่องเจียร์ในเดือนธันวาคมมีแนวโน้มลดลงเล็กน้อยตามฤดูกาล เนื่องจากหลายบริษัทอาจมีการชะลอการดำเนินงานในช่วงเทศกาลปีใหม่และการปิดบริษัทเพื่อพักผ่อน อย่างไรก็ตาม ภาคอุตสาหกรรมการท่องเที่ยวและการบริการยังคงมีความต้องการเครื่องมือขัดเงาและปรับแต่งชิ้นงานเพื่อการบำรุงรักษาและปรับปรุงสถานที่ให้บริการ นอกจากนี้ การวางแผนการผลิตและโครงการต่างๆ ในช่วงต้นปีถัดไปอาจส่งผลให้มีความต้องการเครื่องมือเหล่านี้เพิ่มขึ้นในช่วงต้นปี 2568"
2024-09-28 00:00:00.000 +0700,Air Conditioning Installation Or Maintenance Or Repair Service,เดินท่อน้ำยาแอร์,Intermittent,"เดินท่อน้ำยาแอร์ เป็นบริการติดตั้ง, บำรุงรักษา, และซ่อมแซมระบบปรับอากาศสำหรับภาคอุตสาหกรรมและสำนักงาน บริการของเราครอบคลุมการเดินท่อน้ำยาแอร์อย่างครบวงจร เพื่อประสิทธิภาพสูงสุดของระบบปรับอากาศ ลดปัญหาการรั่วไหล และยืดอายุการใช้งานของเครื่องปรับอากาศในพื้นที่ใช้งานของคุณ ด้วยทีมช่างผู้เชี่ยวชาญและอุปกรณ์ทันสมัย เราพร้อมดูแลระบบปรับอากาศของคุณให้ทำงานได้อย่างราบรื่นและมีประสิทธิภาพ

**Field Classification:** Industrial/Office (Applicable to both industrial and office air conditioning systems)
","ตุลาคม 2567
คาดว่าจะเพิ่มขึ้นประมาณ 3% เมื่อเทียบกับ September 2567 เนื่องจากภาคอุตสาหกรรมและสำนักงานหลายแห่งเริ่มวางแผนงบประมาณและโครงการบำรุงรักษาประจำปี ซึ่งส่งผลให้มีความต้องการบริการเดินท่อน้ำยาแอร์เพิ่มขึ้นในช่วงต้นฤดูใบไม้ร่วง นอกจากนี้ การเตรียมความพร้อมสำหรับสภาพอากาศที่เริ่มเปลี่ยนแปลงก็เป็นอีกปัจจัยหนึ่งที่กระตุ้นให้เกิดการจองบริการล่วงหน้า โดยเฉพาะอย่างยิ่งจากธุรกิจขนาดกลางและขนาดใหญ่ที่ให้ความสำคัญกับการดำเนินงานที่ราบรื่นและต่อเนื่อง

พฤศจิกายน 2567 คาดว่าจะคงที่เมื่อเทียบกับ September 2567 โดยกิจกรรมทางเศรษฐกิจโดยรวมยังคงอยู่ในระดับปกติ และการวางแผนการลงทุนของบริษัทต่างๆ ยังไม่ส่งผลให้เกิดการเปลี่ยนแปลงของความต้องการบริการเดินท่อน้ำยาแอร์อย่างมีนัยสำคัญ อย่างไรก็ตาม ธุรกิจที่เกี่ยวข้องกับการผลิตและค้าปลีกอาจมีการใช้จ่ายที่เพิ่มขึ้นในช่วงปลายเดือนพฤศจิกายน ซึ่งอาจส่งผลให้มีความต้องการบริการเพิ่มขึ้นเล็กน้อย แต่โดยรวมแล้วคาดว่าจะยังคงอยู่ในระดับเดียวกับเดือนก่อนหน้า

ธันวาคม 2567 คาดว่าจะลดลงประมาณ 2% เมื่อเทียบกับ September 2567 เนื่องจากหลายบริษัทอาจชะลอการดำเนินโครงการที่ไม่เร่งด่วนเพื่อเตรียมพร้อมสำหรับช่วงสิ้นปีและต้นปีใหม่ นอกจากนี้ การปิดปรับปรุงประจำปีของบางธุรกิจขนาดใหญ่อาจทำให้ความต้องการบริการเดินท่อน้ำยาแอร์ลดลงในช่วงปลายเดือนธันวาคม อย่างไรก็ตาม ธุรกิจบริการและธุรกิจที่เกี่ยวข้องกับการท่องเที่ยวอาจยังคงมีความต้องการบริการอยู่ในระดับที่ใกล้เคียงกับเดือนก่อนหน้า"
2024-09-28 00:00:00.000 +0700,File Folder Accessories,ไส้แฟ้ม,Lumpy,,สินค้านี้มีช่วงไม่มีการซื้อสลับกับการซื้อในปริมาณมาก ส่งผลให้ไม่สามารถคาดการณ์ปริมาณความต้องการได้
2024-09-28 00:00:00.000 +0700,Cable Sleeves,ไส้ไก่พันสายไฟ,Lumpy,,สินค้านี้มีช่วงไม่มีการซื้อสลับกับการซื้อในปริมาณมาก ส่งผลให้ไม่สามารถคาดการณ์ปริมาณความต้องการได้
2024-09-28 00:00:00.000 +0700,Other Chemicals,additive,Intermittent,"ผลิตภัณฑ์ ""additive"" ในกลุ่มสารเคมีอื่นๆ นี้ ออกแบบมาเพื่อปรับปรุงคุณสมบัติของวัสดุและกระบวนการทางอุตสาหกรรม ช่วยเพิ่มประสิทธิภาพและความทนทานในหลากหลายการใช้งาน เหมาะสำหรับใช้ในโรงงานอุตสาหกรรมและบริการที่เกี่ยวข้อง เพื่อให้ได้ผลลัพธ์ตามต้องการและตอบโจทย์ความต้องการเฉพาะทาง
","ตุลาคม 2567 คาดว่าจะเพิ่มขึ้นประมาณ 15% เมื่อเทียบกับ September 2567 โดยแนวโน้มความต้องการในช่วงต้นถึงกลางเดือนยังคงอยู่ในระดับที่ค่อนข้างคงที่ ซึ่งสอดคล้องกับช่วงเริ่มต้นของปีงบประมาณของหลายองค์กร ทำให้มีการวางแผนและจัดซื้อเพื่อรองรับโครงการต่างๆ นอกจากนี้ การดำเนินงานของภาคอุตสาหกรรมบางประเภทที่เริ่มกลับมาเร่งตัวหลังฤดูร้อน ก็ส่งผลให้ความต้องการผลิตภัณฑ์กลุ่มนี้เพิ่มขึ้นเล็กน้อย โดยเฉพาะอย่างยิ่งในกลุ่มโรงงานผลิตและผู้ให้บริการด้านวิศวกรรม ซึ่งมักมีการจัดซื้อวัตถุดิบตามแผนการผลิตที่วางไว้

พฤศจิกายน 2567 คาดว่าจะคงที่เมื่อเทียบกับ September 2567 ความต้องการในช่วงนี้ยังคงมีความสม่ำเสมอ โดยได้รับแรงหนุนจากการดำเนินงานต่อเนื่องของภาคอุตสาหกรรมต่างๆ ที่มีการวางแผนการจัดซื้ออย่างสม่ำเสมอ รวมถึงการเตรียมความพร้อมสำหรับโครงการในช่วงปลายปี นอกจากนี้ การวางแผนงบประมาณขององค์กรหลายแห่งมักจะสิ้นสุดลงในช่วงนี้ ทำให้การจัดซื้ออาจชะลอตัวลงบ้างเล็กน้อย แต่โดยรวมแล้วยังคงอยู่ในระดับที่ใกล้เคียงกับเดือนก่อนหน้า โดยเฉพาะอย่างยิ่งในกลุ่มธุรกิจที่เน้นการผลิตและบริการที่ต่อเนื่อง

ธันวาคม 2567 คาดว่าจะลดลงประมาณ 10% เมื่อเทียบกับ September 2567 เนื่องจากโดยทั่วไปแล้ว องค์กรต่างๆ มักจะลดระดับการจัดซื้อในช่วงท้ายปีงบประมาณเพื่อประหยัดงบประมาณที่เหลืออยู่ นอกจากนี้ การดำเนินงานของภาคอุตสาหกรรมบางประเภทอาจชะลอตัวลงในช่วงเทศกาลปีใหม่ ทำให้ความต้องการผลิตภัณฑ์กลุ่มนี้ลดลงบ้าง โดยเฉพาะอย่างยิ่งในกลุ่มธุรกิจค้าปลีกและธุรกิจบริการที่อาจมีการปรับลดงบประมาณการลงทุนหรือการจัดซื้อที่ไม่จำเป็น อย่างไรก็ตาม ความต้องการในกลุ่มธุรกิจที่เกี่ยวข้องกับการผลิตและการดำเนินงานต่อเนื่องอาจยังคงมีอยู่บ้าง"
2024-09-28 00:00:00.000 +0700,Thermal Cooker,กระติกน้ำร้อน,Intermittent,กระติกน้ำร้อน เหมาะสำหรับใช้งานในภาคอุตสาหกรรมและสำนักงานขนาดใหญ่ ด้วยความจุที่เหมาะสมและประสิทธิภาพในการรักษาอุณหภูมิสูง เหมาะสำหรับการเตรียมน้ำร้อนสำหรับเครื่องดื่มหรือการใช้งานอื่นๆ ช่วยประหยัดเวลาและพลังงานอย่างมีประสิทธิภาพ มั่นใจได้ถึงคุณภาพและความทนทานในการใช้งานต่อเนื่อง.,"ตุลาคม 2567 คาดว่าจะเพิ่มขึ้นประมาณ 2% เมื่อเทียบกับ September 2567 โดยมีแนวโน้มความต้องการที่เพิ่มขึ้นในช่วงต้นเดือนเนื่องจากบริษัทต่างๆ เริ่มวางแผนงบประมาณและโครงการสำหรับไตรมาสที่สี่ นอกจากนี้ การเตรียมความพร้อมสำหรับฤดูกาลแห่งการดำเนินงานที่เข้มข้นขึ้นในหลายอุตสาหกรรม เช่น การผลิตและก่อสร้าง ส่งผลให้มีความต้องการกระติกน้ำร้อนสำหรับใช้งานในสำนักงานและภาคอุตสาหกรรมเพิ่มสูงขึ้น การวางแผนจัดซื้อล่วงหน้าขององค์กรขนาดใหญ่ รวมถึงความต้องการอุปกรณ์ที่ตอบโจทย์การใช้งานในระยะยาว เป็นปัจจัยสำคัญที่สนับสนุนการเติบโตของความต้องการในเดือนนี้ โดยเฉพาะอย่างยิ่งในกลุ่มธุรกิจที่ให้ความสำคัญกับประสิทธิภาพและความทนทานของอุปกรณ์

พฤศจิกายน 2567 คาดว่าจะคงที่เมื่อเทียบกับ September 2567 โดยมีความต้องการที่ค่อนข้างสม่ำเสมอตลอดทั้งเดือน เนื่องจากบริษัทส่วนใหญ่ได้ดำเนินการตามแผนงบประมาณและโครงการที่วางไว้ในช่วงไตรมาสที่สี่แล้ว ความต้องการในภาคธุรกิจบริการและสำนักงานยังคงอยู่ในระดับที่มั่นคง โดยมีการสั่งซื้อเพื่อทดแทนอุปกรณ์เก่าและเพื่อรองรับการขยายตัวของธุรกิจในระยะสั้น อย่างไรก็ตาม อาจมีการปรับเปลี่ยนเล็กน้อยตามตารางการดำเนินงานเฉพาะของแต่ละองค์กร โดยเฉพาะอย่างยิ่งในกลุ่มธุรกิจที่เกี่ยวข้องกับการผลิตอาหารและเครื่องดื่ม ซึ่งมีความต้องการกระติกน้ำร้อนเพื่อการเตรียมน้ำร้อนอย่างต่อเนื่อง การวางแผนจัดซื้อในเดือนนี้มักจะเน้นไปที่การรักษาปริมาณสต็อกให้เพียงพอต่อความต้องการในระยะสั้น

ธันวาคม 2567 คาดว่าจะลดลงเล็กน้อยประมาณ 1% เมื่อเทียบกับ September 2567 เนื่องจากกิจกรรมทางธุรกิจและโครงการต่างๆ อาจชะลอตัวลงในช่วงปลายปี ซึ่งเป็นช่วงเวลาที่หลายองค์กรมีการทบทวนผลการดำเนินงานประจำปีและวางแผนสำหรับปีถัดไป อย่างไรก็ตาม ความต้องการในกลุ่มธุรกิจค้าปลีกและธุรกิจที่เกี่ยวข้องกับการท่องเที่ยวอาจยังคงมีอยู่ เนื่องจากเป็นช่วงเทศกาลและมีกิจกรรมที่ต้องใช้กระติกน้ำร้อนสำหรับใช้งานต่างๆ การสั่งซื้ออาจเน้นไปที่ปริมาณที่น้อยลงแต่มีความถี่ในการสั่งซื้อที่สม่ำเสมอ เพื่อรองรับความต้องการในช่วงเทศกาลและกิจกรรมพิเศษต่างๆ โดยรวมแล้ว ความต้องการในเดือนธันวาคมยังคงได้รับอิทธิพลจากวงจรการดำเนินงานและแผนการจัดซื้อขององค์กรต่างๆ"
2024-09-28 00:00:00.000 +0700,Paper Boxes,ค่าบริการซ่อม flap box,Intermittent,"ค่าบริการซ่อม flap box สำหรับกล่องกระดาษอุตสาหกรรม บริการซ่อมแซมกลไกเปิด-ปิด flap box เพื่อให้กล่องกลับมาใช้งานได้อย่างมีประสิทธิภาพ ลดต้นทุนและยืดอายุการใช้งานของบรรจุภัณฑ์ ช่วยรักษาคุณภาพสินค้าและภาพลักษณ์ขององค์กร เหมาะสำหรับโรงงานอุตสาหกรรมและธุรกิจที่ใช้กล่องกระดาษเป็นหลัก
","**ตุลาคม 2567**

คาดว่าจะเพิ่มขึ้นประมาณ 2% เมื่อเทียบกับ September 2567 โดยแนวโน้มความต้องการในเดือนตุลาคมคาดว่าจะยังคงอยู่ในระดับที่สูงกว่าช่วงกลางเดือนเล็กน้อย ซึ่งสอดคล้องกับช่วงเริ่มต้นของไตรมาสใหม่ที่หลายบริษัทมีการวางแผนงบประมาณและโครงการใหม่ๆ ทำให้มีความต้องการอะไหล่สำหรับกล่องกระดาษเพิ่มขึ้นเพื่อรองรับการผลิตที่อาจจะเพิ่มขึ้นตามฤดูกาล นอกจากนี้ ธุรกิจค้าปลีกและค้าส่งขนาดใหญ่อาจมีการสั่งซื้อล่วงหน้าเพื่อเตรียมพร้อมสำหรับเทศกาลหรือโปรโมชั่นในช่วงปลายปี ซึ่งส่งผลให้ความต้องการในเดือนตุลาคมยังคงมีแนวโน้มเพิ่มขึ้นอย่างต่อเนื่อง โดยเฉพาะอย่างยิ่งกลุ่มธุรกิจที่เกี่ยวข้องกับการจัดจำหน่ายสินค้าอุปโภคบริโภคและสินค้าแฟชั่น

**พฤศจิกายน 2567**

คาดว่าจะคงที่เมื่อเทียบกับ September 2567 โดยในเดือนพฤศจิกายน คาดว่าความต้องการจะยังคงอยู่ในระดับใกล้เคียงกับเดือนก่อนหน้า เนื่องจากหลายบริษัทได้ดำเนินการตามแผนการผลิตและจัดส่งสินค้าในช่วงไตรมาสที่สามแล้ว อย่างไรก็ตาม ธุรกิจที่เกี่ยวข้องกับการส่งออกอาจมีความต้องการอะไหล่เพิ่มขึ้นเล็กน้อยเพื่อรองรับคำสั่งซื้อจากต่างประเทศในช่วงเทศกาลสำคัญ นอกจากนี้ ธุรกิจที่ดำเนินงานในภาคอุตสาหกรรมอาหารและเครื่องดื่มอาจมีการสั่งซื้อเพื่อเตรียมความพร้อมสำหรับการผลิตในช่วงปลายปี ซึ่งอาจส่งผลให้ความต้องการในเดือนพฤศจิกายนยังคงมีเสถียรภาพ โดยไม่มีการเปลี่ยนแปลงที่ชัดเจนเมื่อเทียบกับเดือนก่อนหน้า

**ธันวาคม 2567**

คาดว่าจะลดลงประมาณ 1% เมื่อเทียบกับ September 2567 โดยในเดือนธันวาคม คาดว่าความต้องการจะลดลงเล็กน้อย เนื่องจากหลายบริษัทอาจมีการชะลอการผลิตหรือการดำเนินงานในช่วงเทศกาลปีใหม่ นอกจากนี้ ธุรกิจค้าปลีกอาจมีการลดปริมาณการสั่งซื้อเพื่อปรับสมดุลสินค้าคงคลังหลังจากการส่งเสริมการขายในช่วงปลายปี อย่างไรก็ตาม ธุรกิจที่เกี่ยวข้องกับการผลิตสินค้าของขวัญหรือสินค้าสำหรับเทศกาลอาจมีความต้องการอะไหล่เพิ่มขึ้นในช่วงนี้ ซึ่งอาจช่วยลดผลกระทบจากการชะลอตัวของธุรกิจอื่นๆ โดยรวมแล้ว ความต้องการในเดือนธันวาคมคาดว่าจะยังคงอยู่ในระดับที่ต่ำกว่าเดือนก่อนหน้าเล็กน้อย แต่ยังคงมีปัจจัยบวกจากธุรกิจเฉพาะกลุ่มที่เกี่ยวข้องกับเทศกาล"
2024-09-28 00:00:00.000 +0700,Chest Freezers,ตู้เตรียม,Intermittent,"ตู้เตรียม เป็นตู้แช่แข็งสำหรับใช้งานในภาคอุตสาหกรรมและธุรกิจ เหมาะสำหรับจัดเก็บวัตถุดิบหรือสินค้าคงคลังจำนวนมาก รักษาอุณหภูมิได้อย่างแม่นยำ คงความสดใหม่ได้ยาวนาน ช่วยเพิ่มประสิทธิภาพในการจัดการสินค้าและลดความสูญเสีย เหมาะสำหรับโรงงาน, คลังสินค้า หรือห้องเย็นขนาดเล็ก.","**ตุลาคม 2567**

คาดว่าจะเพิ่มขึ้นประมาณ 5% เมื่อเทียบกับ September 2567 เนื่องจากเป็นช่วงเริ่มต้นของไตรมาสใหม่ ซึ่งโดยทั่วไปแล้วธุรกิจต่างๆ จะเริ่มวางแผนและจัดสรรงบประมาณสำหรับโครงการและกิจกรรมต่างๆ ที่จะเกิดขึ้นในช่วงไตรมาสที่เหลือ นอกจากนี้ ภาคอุตสาหกรรมและการผลิตหลายแห่งมักจะมีการเร่งดำเนินการเพื่อบรรลุเป้าหมายประจำปีในช่วงนี้ ส่งผลให้มีความต้องการตู้เตรียมสำหรับเก็บรักษาวัตถุดิบและสินค้าคงคลังเพิ่มขึ้น โดยเฉพาะอย่างยิ่งในกลุ่มโรงงานอุตสาหกรรมขนาดกลางถึงใหญ่ รวมถึงคลังสินค้าที่ต้องการประสิทธิภาพในการจัดการสินค้าคงคลังที่ดีขึ้น อย่างไรก็ตาม การวางแผนการผลิตและโครงการต่างๆ ของบริษัทค้าปลีกและค้าส่งอาจส่งผลให้มีความต้องการตู้เตรียมในระดับที่ค่อนข้างสม่ำเสมอ

**พฤศจิกายน 2567**

คาดว่าจะคงที่เมื่อเทียบกับ September 2567 โดยทั่วไปแล้วเดือนพฤศจิกายนมักจะไม่ใช่ช่วงที่มีการเปลี่ยนแปลงของความต้องการตู้เตรียมอย่างมีนัยสำคัญเมื่อเทียบกับเดือนตุลาคม เนื่องจากธุรกิจต่างๆ ส่วนใหญ่ได้เริ่มดำเนินการตามแผนที่วางไว้ในช่วงต้นไตรมาสแล้ว และยังไม่มีปัจจัยภายนอกที่คาดว่าจะส่งผลกระทบต่อความต้องการสินค้าคงคลังในวงกว้าง อย่างไรก็ตาม อาจมีความต้องการตู้เตรียมเพิ่มขึ้นเล็กน้อยในกลุ่มธุรกิจที่เกี่ยวข้องกับการเตรียมสินค้าสำหรับเทศกาลหรือช่วงเวลาพิเศษต่างๆ ที่อาจเกิดขึ้นในช่วงปลายเดือน นอกจากนี้ การวางแผนการดำเนินงานของบริษัทในภาคการผลิตและโลจิสติกส์อาจยังคงอยู่ในระดับที่ค่อนข้างคงที่

**ธันวาคม 2567**

คาดว่าจะลดลงประมาณ 3% เมื่อเทียบกับ September 2567 ซึ่งเป็นผลมาจากช่วงสิ้นปีที่หลายธุรกิจอาจมีการปรับลดการผลิตหรือการดำเนินงานลงเพื่อเตรียมตัวสำหรับปีใหม่ นอกจากนี้ การวางแผนการจัดซื้อและงบประมาณของหลายองค์กรอาจมีการชะลอตัวในช่วงนี้ เนื่องจากมีการประเมินผลการดำเนินงานประจำปีและวางแผนสำหรับปีถัดไป อย่างไรก็ตาม ความต้องการตู้เตรียมในกลุ่มธุรกิจอาหารและเครื่องดื่ม รวมถึงธุรกิจที่เกี่ยวข้องกับการจัดเก็บสินค้าที่ต้องควบคุมอุณหภูมิยังคงมีความต่อเนื่องในระดับหนึ่ง ซึ่งเป็นผลมาจากความต้องการในการรักษาคุณภาพและความสดใหม่ของสินค้าสำหรับช่วงเทศกาลและกิจกรรมต่างๆ ที่อาจเกิดขึ้นในช่วงปลายปี"
2024-09-28 00:00:00.000 +0700,Post Office Box Services,บริการส่งเหรียญ,Intermittent,บริการส่งเหรียญจากที่ทำการไปรษณีย์ อำนวยความสะดวกในการจัดส่งเหรียญจำนวนมากสำหรับธุรกิจและองค์กรต่างๆ อย่างปลอดภัยและมีประสิทธิภาพ บริการนี้ช่วยลดภาระค่าใช้จ่ายและเวลาในการจัดการเหรียญ เหมาะสำหรับธนาคาร ร้านค้าปลีก หรือหน่วยงานที่ต้องการส่งเหรียญเป็นจำนวนมากอย่างสม่ำเสมอ.,"ตุลาคม 2567 คาดว่าจะเพิ่มขึ้นประมาณ 3% เมื่อเทียบกับเดือนกันยายน 2567 โดยแนวโน้มความต้องการในเดือนตุลาคมมีแนวโน้มเพิ่มขึ้นอย่างต่อเนื่องจากเดือนกันยายน ซึ่งสอดคล้องกับช่วงเริ่มต้นของปีงบประมาณของหลายองค์กร และการวางแผนโครงการใหม่ๆ ในภาคอุตสาหกรรมต่างๆ นอกจากนี้ การเตรียมความพร้อมสำหรับการดำเนินงานในช่วงไตรมาสสุดท้ายของปีก็เป็นปัจจัยสนับสนุนการเพิ่มขึ้นของความต้องการ โดยเฉพาะอย่างยิ่งจากธุรกิจค้าปลีกและธุรกิจที่เกี่ยวข้องกับการผลิตซึ่งมักมีการสั่งซื้อล่วงหน้าเพื่อรองรับปริมาณงานที่เพิ่มขึ้นในช่วงปลายปี

พฤศจิกายน 2567 คาดว่าจะคงที่เมื่อเทียบกับเดือนกันยายน 2567 ความต้องการในเดือนพฤศจิกายนมีแนวโน้มที่จะทรงตัวหลังจากช่วงการเติบโตในช่วงต้นปี และการสั่งซื้ออาจชะลอตัวลงในช่วงนี้เนื่องจากหลายองค์กรอาจมีการประเมินผลการดำเนินงานในช่วงครึ่งปีแรกและปรับแผนการใช้จ่าย โดยเฉพาะอย่างยิ่งในภาคธุรกิจบริการและภาคการศึกษา ซึ่งมักมีการวางแผนงบประมาณในช่วงนี้ อย่างไรก็ตาม ยังคงมีความต้องการอย่างต่อเนื่องจากธุรกิจที่ดำเนินงานเป็นประจำและธุรกิจที่ต้องมีการจัดการเงินสดอย่างสม่ำเสมอ

ธันวาคม 2567 คาดว่าจะลดลงประมาณ 2% เมื่อเทียบกับเดือนกันยายน 2567 ความต้องการในเดือนธันวาคมมีแนวโน้มลดลงตามปกติเนื่องจากเป็นช่วงสิ้นปีงบประมาณของหลายองค์กร และการสั่งซื้ออาจลดลงเพื่อประหยัดงบประมาณ นอกจากนี้ ภาคธุรกิจค้าปลีกและธุรกิจที่เกี่ยวข้องกับการท่องเที่ยวอาจมีการลดการสั่งซื้อเพื่อเตรียมพร้อมสำหรับช่วงเริ่มต้นปีใหม่ อย่างไรก็ตาม ยังคงมีความต้องการพื้นฐานจากธุรกิจที่ต้องมีการจัดการเหรียญอย่างต่อเนื่อง เช่น ธนาคารและสถาบันการเงิน"
2024-09-28 00:00:00.000 +0700,Chicken,ยอไก่ยอ,Intermittent,"ยอไก่ยอ เป็นผลิตภัณฑ์จากเนื้อไก่คุณภาพเยี่ยม เหมาะสำหรับเป็นส่วนประกอบในอาหารแปรรูป หรือเป็นวัตถุดิบสำหรับธุรกิจอาหารและอุตสาหกรรมอาหาร สามารถนำไปประยุกต์ใช้ได้หลากหลายเมนู ช่วยเพิ่มรสชาติและคุณค่าทางโภชนาการให้กับผลิตภัณฑ์ได้อย่างลงตัว ด้วยคุณภาพและความคงทนจึงเป็นที่นิยมในตลาดอุตสาหกรรม
","ตุลาคม 2567 คาดว่าจะเพิ่มขึ้นประมาณ 5% เมื่อเทียบกับเดือนกันยายน 2567 โดยแนวโน้มความต้องการในเดือนตุลาคมมีแนวโน้มเพิ่มขึ้นเล็กน้อยต่อเนื่องจากเดือนกันยายน ซึ่งสอดคล้องกับช่วงเริ่มต้นของไตรมาสที่ 4 ที่หลายธุรกิจเริ่มวางแผนงบประมาณและโครงการใหม่ๆ ส่งผลให้มีความต้องการวัตถุดิบเพิ่มขึ้นเล็กน้อย โดยเฉพาะอย่างยิ่งในภาคอุตสาหกรรมอาหารแปรรูปและธุรกิจค้าส่งที่มักจะมีการสั่งซื้อล่วงหน้าเพื่อเตรียมพร้อมสำหรับช่วงเทศกาลและฤดูกาลต่างๆ นอกจากนี้ การวางแผนการผลิตของบริษัทค้าปลีกขนาดใหญ่อาจเป็นปัจจัยสนับสนุนให้มีความต้องการยอไก่ยอเพิ่มขึ้นในเดือนนี้

พฤศจิกายน 2567 คาดว่าจะคงที่เมื่อเทียบกับเดือนกันยายน 2567 โดยหลังจากช่วงเริ่มต้นที่ค่อนข้างดีในเดือนตุลาคม ความต้องการยอไก่ยอในเดือนพฤศจิกายนมีแนวโน้มที่จะทรงตัว เนื่องจากธุรกิจต่างๆ ได้ดำเนินการตามแผนการสั่งซื้อในช่วงต้นไตรมาสที่ 4 แล้ว และยังไม่มีปัจจัยกระตุ้นหรือปัจจัยกดดันที่ชัดเจนที่จะทำให้ความต้องการเปลี่ยนแปลงอย่างมีนัยสำคัญ อย่างไรก็ตาม การเตรียมตัวสำหรับเทศกาลสำคัญในช่วงปลายปีอาจส่งผลให้มีความต้องการเพิ่มขึ้นเล็กน้อยในบางภาคส่วน เช่น ธุรกิจที่เกี่ยวข้องกับการจัดเลี้ยงและอาหารสำหรับงานสังสรรค์ ซึ่งมักจะมีการสั่งซื้อยอไก่ยอเพิ่มขึ้นในช่วงใกล้เทศกาล

ธันวาคม 2567 คาดว่าจะเพิ่มขึ้นประมาณ 8% เมื่อเทียบกับเดือนกันยายน 2567 โดยความต้องการยอไก่ยอมีแนวโน้มเพิ่มสูงขึ้นในเดือนธันวาคม ซึ่งสอดคล้องกับช่วงเทศกาลปีใหม่และฤดูกาลแห่งการบริโภคที่เพิ่มขึ้น ธุรกิจค้าปลีกและธุรกิจอาหารแปรรูปมักจะมีการสั่งซื้อยอไก่ยอในปริมาณที่มากขึ้นเพื่อตอบสนองความต้องการของผู้บริโภคและเตรียมพร้อมสำหรับช่วงวันหยุดยาว นอกจากนี้ การวางแผนการผลิตล่วงหน้าของบริษัทต่างๆ เพื่อรองรับความต้องการที่เพิ่มขึ้นในช่วงเทศกาลยังเป็นปัจจัยสำคัญที่ส่งผลให้ความต้องการยอไก่ยอในเดือนธันวาคมสูงขึ้นอย่างเห็นได้ชัด"
2024-09-28 00:00:00.000 +0700,Healthcare Supplements,สารเลี้ยงน้ำเชื้อ,Intermittent,สารเลี้ยงน้ำเชื้อ เป็นผลิตภัณฑ์เสริมสุขภาพที่ออกแบบมาเพื่อส่งเสริมและบำรุงรักษาคุณภาพน้ำเชื้อ เหมาะสำหรับใช้ในสถานพยาบาลหรือห้องปฏิบัติการที่เกี่ยวข้องกับการผลิตสืบพันธุ์ ช่วยเสริมสร้างสภาพแวดล้อมที่เหมาะสมต่อการเจริญเติบโตของเซลล์สืบพันธุ์ และสนับสนุนกระบวนการทางชีวภาพที่สำคัญต่อสุขภาพการสืบพันธุ์.,"**ตุลาคม 2567**

คาดว่าจะเพิ่มขึ้นประมาณ 5% เมื่อเทียบกับ September 2567 เนื่องจากธุรกิจค้าปลีกและค้าส่งหลายแห่งเริ่มวางแผนสต็อกสินค้าสำหรับช่วงปลายปี ซึ่งเป็นช่วงที่มีการดำเนินงานและกิจกรรมทางเศรษฐกิจที่เพิ่มขึ้น โดยเฉพาะอย่างยิ่งบริษัทค้าปลีกขนาดใหญ่มักจะมีการสั่งซื้อสินค้าเพื่อเตรียมพร้อมสำหรับเทศกาลและฤดูกาลต่างๆ นอกจากนี้ การวางแผนงบประมาณขององค์กรในช่วงไตรมาสสุดท้ายของปีก็ส่งผลให้มีการจัดสรรงบประมาณสำหรับสินค้าจำเป็นต่างๆ ซึ่งรวมถึงสารเลี้ยงน้ำเชื้อด้วย การดำเนินงานของธุรกิจเกษตรอุตสาหกรรมที่ต้องการคุณภาพของผลิตภัณฑ์สูงสำหรับกระบวนการผลิตก็เป็นอีกปัจจัยหนึ่งที่สนับสนุนการเพิ่มขึ้นของความต้องการในช่วงนี้

**พฤศจิกายน 2567**

คาดว่าจะคงที่เมื่อเทียบกับ September 2567 เนื่องจากกิจกรรมทางเศรษฐกิจโดยรวมยังคงอยู่ในระดับที่ค่อนข้างสม่ำเสมอ และการวางแผนการดำเนินงานของธุรกิจต่างๆ ยังคงอยู่ในช่วงของการปรับตัวหลังจากการดำเนินงานในช่วงกลางปี การสั่งซื้อสินค้ามักจะมีการกระจายตัวอย่างสม่ำเสมอ โดยไม่มีปัจจัยกระตุ้นหรือปัจจัยที่ส่งผลกระทบอย่างชัดเจนต่อปริมาณความต้องการที่เปลี่ยนแปลงไป นอกจากนี้ การดำเนินงานของบริษัทที่เกี่ยวข้องกับการผลิตและการเกษตรก็ยังคงดำเนินไปตามแผนที่วางไว้ ทำให้ความต้องการสารเลี้ยงน้ำเชื้อยังคงอยู่ในระดับใกล้เคียงกับช่วงก่อนหน้า

**ธันวาคม 2567**

คาดว่าจะลดลงประมาณ 3% เมื่อเทียบกับ September 2567 เนื่องจากธุรกิจหลายแห่งอาจมีการปรับลดสต็อกสินค้าหลังจากการดำเนินงานในช่วงเทศกาลสิ้นปี และการวางแผนงบประมาณสำหรับปีถัดไปอาจยังไม่ชัดเจนนัก อย่างไรก็ตาม ธุรกิจที่เกี่ยวข้องกับการเกษตรและสุขภาพสัตว์อาจยังคงมีความต้องการสารเลี้ยงน้ำเชื้อในระดับหนึ่งสำหรับการวางแผนการผลิตในช่วงต้นปีถัดไป นอกจากนี้ การดำเนินงานของบริษัทค้าปลีกและค้าส่งอาจมีการชะลอตัวลงในช่วงปลายปี ซึ่งส่งผลให้ปริมาณการสั่งซื้อสินค้าลดลงเล็กน้อย โดยรวมแล้ว ความต้องการในช่วงนี้จึงมีแนวโน้มที่จะลดลงเล็กน้อยเมื่อเทียบกับช่วงก่อนหน้า"
2024-09-28 00:00:00.000 +0700,Laminator,เครื่องเคลือบเอกสาร,Intermittent,"เครื่องเคลือบเอกสารรุ่นนี้เหมาะสำหรับใช้งานในสำนักงานและภาคอุตสาหกรรม ช่วยปกป้องเอกสารสำคัญจากความเสียหาย เช่น รอยเปื้อน รอยยับ และการสึกหรอ ทำให้เอกสารมีความทนทานและใช้งานได้ยาวนานขึ้น ด้วยการเคลือบที่เรียบเนียนและสวยงาม เหมาะสำหรับการใช้งานทั่วไปและการจัดเก็บเอกสารระยะยาว
","ตุลาคม 2567 คาดว่าจะเพิ่มขึ้นประมาณ 2% เมื่อเทียบกับเดือนกันยายน 2567 โดยแนวโน้มความต้องการในเดือนตุลาคมมีแนวโน้มเพิ่มขึ้นเล็กน้อยต่อเนื่องจากเดือนกันยายน ซึ่งสอดคล้องกับช่วงเริ่มต้นของไตรมาสที่สี่ที่หลายองค์กรเริ่มวางแผนงบประมาณและโครงการระยะยาว ทำให้มีความต้องการอุปกรณ์สำนักงานและอุปกรณ์ที่ช่วยในการจัดเก็บเอกสารเพิ่มขึ้น โดยเฉพาะอย่างยิ่งในภาคธุรกิจขนาดกลางและขนาดใหญ่ที่มักมีการวางแผนการดำเนินงานและงบประมาณเป็นรายไตรมาส นอกจากนี้ ภาคการศึกษาและหน่วยงานราชการบางแห่งอาจมีการจัดซื้อเพื่อเตรียมความพร้อมสำหรับการเปิดภาคเรียนหรือกิจกรรมต่างๆ ในช่วงปลายปี ซึ่งส่งผลให้ความต้องการสินค้าประเภทนี้เพิ่มขึ้นเล็กน้อย

พฤศจิกายน 2567 คาดว่าจะคงที่เมื่อเทียบกับเดือนกันยายน 2567 ความต้องการในเดือนพฤศจิกายนมีแนวโน้มที่จะทรงตัวใกล้เคียงกับเดือนกันยายน ซึ่งเป็นไปตามช่วงเวลาที่หลายธุรกิจอยู่ในช่วงของการดำเนินงานตามปกติหลังจากการวางแผนงบประมาณในไตรมาสที่สี่สิ้นสุดลง และยังไม่เข้าสู่ช่วงการเร่งตัวของกิจกรรมทางธุรกิจที่ชัดเจน อย่างไรก็ตาม ภาคธุรกิจที่เกี่ยวข้องกับการผลิตและอุตสาหกรรมบางประเภทอาจยังคงมีความต้องการอุปกรณ์สำนักงานเพื่อใช้ในการจัดการเอกสารและข้อมูลในระหว่างการดำเนินงานประจำวัน ซึ่งส่งผลให้ความต้องการโดยรวมยังคงอยู่ในระดับที่ใกล้เคียงกับเดือนก่อนหน้า นอกจากนี้ การเตรียมความพร้อมสำหรับกิจกรรมส่งเสริมการขายหรือการตลาดในช่วงปลายปีของบางธุรกิจอาจส่งผลให้มีความต้องการสินค้าเพิ่มขึ้นเล็กน้อย

ธันวาคม 2567 คาดว่าจะลดลงประมาณ 1% เมื่อเทียบกับเดือนกันยายน 2567 ความต้องการในเดือนธันวาคมมีแนวโน้มลดลงเล็กน้อย ซึ่งเป็นไปตามช่วงเวลาที่หลายองค์กรอาจมีการชะลอการดำเนินงานบางส่วนเพื่อเตรียมพร้อมสำหรับช่วงวันหยุดปลายปีและต้นปี นอกจากนี้ การปิดปีงบประมาณของหลายธุรกิจอาจส่งผลให้มีการสั่งซื้ออุปกรณ์สำนักงานในปริมาณที่ลดลงในช่วงปลายเดือนธันวาคม อย่างไรก็ตาม ภาคธุรกิจที่เกี่ยวข้องกับการท่องเที่ยวและบริการอาจยังคงมีความต้องการอุปกรณ์สำนักงานเพื่อรองรับการดำเนินงานในช่วงเทศกาลปีใหม่และกิจกรรมส่งเสริมการท่องเที่ยว ซึ่งอาจช่วยประคับประคองความต้องการโดยรวมให้อยู่ในระดับที่ลดลงไม่มากนัก"
2024-09-28 00:00:00.000 +0700,Bench Grinders,เครื่องเจียร์,Intermittent,"เครื่องเจียร์ คือเครื่องมือขัดและลับคมสำหรับงานขัดเงา, ตัด, และปรับแต่งชิ้นงานได้อย่างแม่นยำ เหมาะอย่างยิ่งสำหรับโรงงานอุตสาหกรรมและผู้ที่ต้องการเครื่องมือที่มีประสิทธิภาพสูงในการใช้งานต่อเนื่อง มั่นใจได้ถึงคุณภาพและความทนทานในการใช้งานหนัก.","ตุลาคม 2567
คาดว่าจะเพิ่มขึ้นประมาณ 2% เมื่อเทียบกับ September 2024 โดยแนวโน้มความต้องการในเดือนตุลาคมยังคงอยู่ในทิศทางเพิ่มขึ้นเล็กน้อยต่อเนื่องจากแนวโน้มในเดือนกันยายน ซึ่งเป็นผลมาจากธุรกิจก่อสร้างและอุตสาหกรรมการผลิตที่เริ่มกลับมาเร่งดำเนินการหลังจากช่วงฤดูฝน โดยเฉพาะอย่างยิ่งบริษัทที่ดำเนินธุรกิจเกี่ยวกับการติดตั้งและบำรุงรักษาเครื่องจักรกลหนัก รวมถึงโรงงานอุตสาหกรรมขนาดกลางและขนาดใหญ่ คาดว่าจะมีความต้องการเครื่องเจียร์เพิ่มขึ้นเพื่อรองรับการผลิตและการปรับปรุงเครื่องมือต่างๆ อย่างไรก็ตาม การวางแผนงบประมาณของบริษัทค้าปลีกและค้าส่งอาจส่งผลให้การสั่งซื้อในเดือนนี้ยังไม่สูงเท่ากับช่วงปลายปี

พฤศจิกายน 2567
คาดว่าจะคงที่เมื่อเทียบกับ September 2024 โดยความต้องการในเดือนพฤศจิกายนคาดว่าจะยังคงทรงตัวใกล้เคียงกับเดือนกันยายน เนื่องจากภาคธุรกิจส่วนใหญ่กำลังอยู่ในช่วงวางแผนงบประมาณประจำปีและเตรียมความพร้อมสำหรับฤดูกาลส่งเสริมการขายในช่วงปลายปี แม้ว่าธุรกิจค้าปลีกและค้าส่งขนาดใหญ่จะยังคงมีความต้องการเครื่องเจียร์เพื่อใช้ในการบำรุงรักษาและปรับปรุงสินค้าคงคลัง แต่การตัดสินใจสั่งซื้ออาจล่าช้าออกไปเล็กน้อยเพื่อรอการอนุมัติงบประมาณ นอกจากนี้ ธุรกิจที่เกี่ยวข้องกับการผลิตสินค้าอุปโภคบริโภคอาจมีการสั่งซื้อเครื่องเจียร์เพื่อเตรียมความพร้อมสำหรับกำลังการผลิตที่เพิ่มขึ้นในช่วงเทศกาลปีใหม่

ธันวาคม 2567
คาดว่าจะเพิ่มขึ้นประมาณ 5% เมื่อเทียบกับ September 2024 โดยความต้องการในเดือนธันวาคมมีแนวโน้มเพิ่มขึ้นอย่างชัดเจน ซึ่งเป็นผลมาจากภาคอุตสาหกรรมที่เร่งดำเนินการผลิตเพื่อตอบสนองความต้องการในช่วงเทศกาลปีใหม่ รวมถึงธุรกิจที่เกี่ยวข้องกับการก่อสร้างและปรับปรุงอาคารต่างๆ ที่มีการเร่งรัดงานให้แล้วเสร็จก่อนสิ้นปี นอกจากนี้ ธุรกิจค้าปลีกและค้าส่งอาจมีการสั่งซื้อเครื่องเจียร์เพิ่มขึ้นเพื่อรองรับความต้องการของลูกค้าที่เพิ่มสูงขึ้นในช่วงเทศกาล ซึ่งส่งผลให้มีความต้องการเครื่องเจียร์ในภาพรวมสูงขึ้นกว่าเดือนก่อนหน้าอย่างมีนัยสำคัญ"
2024-09-28 00:00:00.000 +0700,Air Conditioning Installation Or Maintenance Or Repair Service,เดินท่อน้ำยาแอร์,Intermittent,"เดินท่อน้ำยาแอร์ เป็นบริการติดตั้ง, บำรุงรักษา, และซ่อมแซมระบบปรับอากาศสำหรับภาคอุตสาหกรรมและสำนักงาน บริการของเราครอบคลุมการเดินท่อน้ำยาแอร์อย่างครบวงจร เพื่อประสิทธิภาพสูงสุดของระบบปรับอากาศ ลดปัญหาการรั่วไหล และยืดอายุการใช้งานของเครื่องปรับอากาศในพื้นที่ใช้งานของคุณ ด้วยทีมช่างผู้เชี่ยวชาญและอุปกรณ์ทันสมัย เราพร้อมดูแลระบบปรับอากาศของคุณให้ทำงานได้อย่างราบรื่นและมีประสิทธิภาพ

**Field Classification:** Industrial/Office (Applicable to both industrial and office air conditioning systems)
","**ตุลาคม 2567**

คาดว่าจะเพิ่มขึ้นประมาณ 2% เมื่อเทียบกับ กันยายน 2567 โดยมีแนวโน้มความต้องการที่เพิ่มขึ้นในช่วงต้นเดือน ซึ่งสอดคล้องกับแผนการดำเนินงานและโครงการใหม่ๆ ของภาคอุตสาหกรรมที่มักจะเริ่มต้นในช่วงต้นไตรมาส นอกจากนี้ การวางแผนงบประมาณของบริษัทต่างๆ สำหรับช่วงปลายปีก็ส่งผลให้มีการสั่งซื้อล่วงหน้ามากขึ้น โดยเฉพาะอย่างยิ่งจากบริษัทที่ดำเนินธุรกิจผลิตและประกอบ ซึ่งจำเป็นต้องมีระบบปรับอากาศที่พร้อมใช้งานในช่วงฤดูฝนที่กำลังจะมาถึง ความต้องการในส่วนของสำนักงานก็มีแนวโน้มเพิ่มขึ้นเล็กน้อยเนื่องจากการเตรียมความพร้อมสำหรับลูกค้าและกิจกรรมทางธุรกิจที่เพิ่มขึ้น

**พฤศจิกายน 2567**

คาดว่าจะคงที่เมื่อเทียบกับ กันยายน 2567 โดยมีความต้องการที่ค่อนข้างสม่ำเสมอตลอดทั้งเดือน ซึ่งเป็นผลมาจากช่วงเวลาที่ธุรกิจส่วนใหญ่เริ่มเข้าสู่ช่วงการดำเนินงานปกติหลังจากการวางแผนงบประมาณและการเตรียมการในช่วงต้นปี อย่างไรก็ตาม อาจมีการเพิ่มขึ้นเล็กน้อยในช่วงกลางเดือนเนื่องจากบางบริษัทเริ่มดำเนินการโครงการปรับปรุงหรือบำรุงรักษาระบบปรับอากาศตามกำหนดเวลา นอกจากนี้ การวางแผนการดำเนินงานระยะกลางของบริษัทค้าปลีกและค้าส่งบางแห่งก็อาจส่งผลให้มีความต้องการเพิ่มขึ้นบ้างเล็กน้อยในช่วงนี้

**ธันวาคม 2567**

คาดว่าจะลดลงประมาณ 1% เมื่อเทียบกับ กันยายน 2567 เนื่องจากเป็นช่วงท้ายปีที่หลายบริษัทอาจมีการปรับลดงบประมาณหรือชะลอการลงทุนในโครงการใหม่ๆ นอกจากนี้ การสิ้นสุดของรอบบัญชีและแผนการดำเนินงานประจำปีก็อาจส่งผลให้การสั่งซื้อสินค้าประเภทนี้ลดลงในช่วงปลายเดือน อย่างไรก็ตาม ความต้องการในภาคอุตสาหกรรมที่ยังคงมีการดำเนินงานต่อเนื่องและต้องการการบำรุงรักษาระบบปรับอากาศอย่างสม่ำเสมอจะช่วยประคองปริมาณการสั่งซื้อไว้ได้ในระดับหนึ่ง"
2024-09-28 00:00:00.000 +0700,File Folder Accessories,ไส้แฟ้ม,Lumpy,,สินค้านี้มีช่วงไม่มีการซื้อสลับกับการซื้อในปริมาณมาก ส่งผลให้ไม่สามารถคาดการณ์ปริมาณความต้องการได้
2024-09-28 00:00:00.000 +0700,Cable Sleeves,ไส้ไก่พันสายไฟ,Lumpy,,สินค้านี้มีช่วงไม่มีการซื้อสลับกับการซื้อในปริมาณมาก ส่งผลให้ไม่สามารถคาดการณ์ปริมาณความต้องการได้
